mean_fit_time,std_fit_time,mean_score_time,std_score_time,param_max_depth,param_max_features,param_n_estimators,params,split0_test_score,split1_test_score,split2_test_score,split3_test_score,split4_test_score,split5_test_score,split6_test_score,split7_test_score,split8_test_score,split9_test_score,mean_test_score,std_test_score,rank_test_score,split0_train_score,split1_train_score,split2_train_score,split3_train_score,split4_train_score,split5_train_score,split6_train_score,split7_train_score,split8_train_score,split9_train_score,mean_train_score,std_train_score
109.5009970664978,4.126823895461987,0.5828967809677124,0.045159429479206745,10,log2,1000,"{'max_depth': 10, 'max_features': 'log2', 'n_estimators': 1000}",0.7395791177660866,0.78328611898017,0.7648725212464589,0.7434237150951032,0.762193887876948,0.7773730014167173,0.7049180327868853,0.7678607569317952,0.7518720906699049,0.7905282331511839,0.7585907475921253,0.023745305625923356,1,0.8302752293577982,0.8286112610181687,0.8299829105954308,0.8288361216046052,0.8281204326220404,0.8268162705461741,0.8313133811526094,0.8285701436826839,0.8296944213342927,0.8256919928945653,0.8287912164808369,0.0015760185788600818
115.4484009027481,2.3111508680530948,0.5910553455352783,0.0243671699890036,10,sqrt,1000,"{'max_depth': 10, 'max_features': 'sqrt', 'n_estimators': 1000}",0.7401861594496155,0.7855119384864427,0.7630513961958721,0.7430190206394173,0.761384335154827,0.7777777777777778,0.7057275855090063,0.7680631451123254,0.7524792552114956,0.7876947986237604,0.7584895412160539,0.02338874863563004,2,0.8303876596510164,0.8285662889008815,0.8305000899442345,0.8293308148947652,0.8278955770917186,0.8265914150158523,0.8314033233647381,0.828457715917523,0.8293796235918423,0.8257369640006296,0.8288249472373203,0.00167480037840944
349.0994011640549,6.682237735556004,1.8730834245681762,0.1473297413819203,10,auto,3000,"{'max_depth': 10, 'max_features': 'auto', 'n_estimators': 3000}",0.7393767705382436,0.7836908134358559,0.764063132335087,0.7436260623229461,0.7603723942521756,0.7775753895972475,0.7063347500505971,0.7672535923902044,0.7536935842946771,0.7870876340821696,0.7583074123299204,0.022929579225941497,3,0.830095340888649,0.8287911494873179,0.8301403130059363,0.8293083288361216,0.8276707215613968,0.8267038427810132,0.8307962134328694,0.8281654037281047,0.8294021091448744,0.825916848424887,0.828699027129117,0.0014954160660580794
232.41782023906708,4.073084153492096,1.2370415687561036,0.08874895509728103,10,sqrt,2000,"{'max_depth': 10, 'max_features': 'sqrt', 'n_estimators': 2000}",0.7389720760825577,0.78328611898017,0.7632537434237151,0.7426143261837312,0.7617891115158875,0.7781825541388383,0.7049180327868853,0.7664440396680834,0.7534911961141469,0.7891115158874722,0.7582062714781488,0.02358874867660004,4,0.8301178269472926,0.8288810937218924,0.8304551178269473,0.8292183846015471,0.8280529759629438,0.8271535538416568,0.8310210689631912,0.8280979470690082,0.8297169068873249,0.8257594495536618,0.8288474325375466,0.0015302198231832529
58.061646008491515,2.0084546809417194,0.3176897048950195,0.03024232860835863,10,sqrt,500,"{'max_depth': 10, 'max_features': 'sqrt', 'n_estimators': 500}",0.7397814649939296,0.7847025495750708,0.7646701740186159,0.7422096317280453,0.7589556769884639,0.777170613236187,0.7065371382311273,0.7676583687512649,0.7518720906699049,0.7883019631653512,0.7581859671357961,0.02324719012825111,5,0.8306574923547401,0.828026623493434,0.8304551178269473,0.8291509264256162,0.8279180626447508,0.8268612416522384,0.8305039012434511,0.8282553459402334,0.8294245946979066,0.8254671373642435,0.8286720443643562,0.0016118884516770587
217.63407983779908,4.685954964416723,1.1744218587875366,0.07635604876257084,10,log2,2000,"{'max_depth': 10, 'max_features': 'log2', 'n_estimators': 2000}",0.7387697288547147,0.783083771752327,0.7628490489680292,0.7422096317280453,0.7615867233353573,0.7761586723335357,0.7065371382311273,0.7664440396680834,0.7532888079336166,0.7905282331511839,0.758145579595602,0.023268534979021104,6,0.829533189422558,0.8287012052527433,0.8299379384781436,0.8290160100737543,0.8280304904099116,0.8268837272052706,0.8313358667056416,0.8285026870235873,0.8299417624176466,0.82553459402334,0.8287417471012597,0.0015685890621786073
231.37564148902894,6.394591627967905,1.2024112224578858,0.06694815015205326,10,auto,2000,"{'max_depth': 10, 'max_features': 'auto', 'n_estimators': 2000}",0.7395791177660866,0.782476730068798,0.763860785107244,0.7422096317280453,0.761384335154827,0.7791944950414896,0.7043108682452944,0.7668488160291439,0.7530864197530864,0.7872900222626998,0.7580241221156715,0.02350670407308756,7,0.8305000899442345,0.8291284403669725,0.8309048389998202,0.8292408706601907,0.827828120432622,0.8266588716749489,0.8306837856677085,0.8279855193038472,0.8294920513570031,0.8259843050839836,0.8288406893491331,0.0016048182888071657
57.974688386917116,2.069005912725038,0.29751200675964357,0.018534994200503207,10,log2,500,"{'max_depth': 10, 'max_features': 'log2', 'n_estimators': 500}",0.7395791177660866,0.7818696883852692,0.7632537434237151,0.7424119789558883,0.7607771706132362,0.7773730014167173,0.7051204209674155,0.7664440396680834,0.7526816433920259,0.7893139040680024,0.757882470865644,0.02332158670635758,8,0.8305450620615219,0.8282739701385141,0.8299604245367872,0.8286112610181687,0.827940548197783,0.8269736694173994,0.8306613001146763,0.8287050570008769,0.8291322825084882,0.8266139005688845,0.8287417475563099,0.0013079471902964458
112.50037467479706,4.656106017996372,0.5910092115402221,0.04295784550059924,10,auto,1000,"{'max_depth': 10, 'max_features': 'auto', 'n_estimators': 1000}",0.7393767705382436,0.7836908134358559,0.76426547956293,0.7424119789558883,0.7601700060716454,0.777980165958308,0.7026917628010524,0.7658368751264926,0.7536935842946771,0.7887067395264117,0.7578824176271505,0.024030667258959006,9,0.8305225760028783,0.8290384961323979,0.8299604245367872,0.8289260658391797,0.8282778314932656,0.8271985249477211,0.8314707800238347,0.8283677737053943,0.8300991612888718,0.8256020506824365,0.8289463684652766,0.0016200110063249553
325.09112985134124,5.846589577876973,1.8012629985809325,0.1334802713194245,10,log2,3000,"{'max_depth': 10, 'max_features': 'log2', 'n_estimators': 3000}",0.7377579927154998,0.7828814245244841,0.7624443545123432,0.7414002428166734,0.7611819469742968,0.777980165958308,0.7051204209674155,0.7668488160291439,0.7540983606557377,0.7887067395264117,0.7578420464680314,0.02359213589659248,10,0.8299829105954308,0.8286112610181687,0.8309048389998202,0.8291734124842598,0.8278955770917186,0.826681357227981,0.830751242326805,0.8282553459402334,0.8296269646751961,0.8258044206597261,0.828768733101934,0.0015831265458752654
347.68608820438385,5.793252041426614,1.8883405685424806,0.2045429555046423,10,sqrt,3000,"{'max_depth': 10, 'max_features': 'sqrt', 'n_estimators': 3000}",0.7373532982598139,0.783893160663699,0.7626467017401861,0.7418049372723594,0.7611819469742968,0.7783849423193685,0.7049180327868853,0.7668488160291439,0.7524792552114956,0.7887067395264117,0.757821783078366,0.023822985259225927,11,0.8303876596510164,0.8291509264256162,0.8304551178269473,0.828971037956467,0.827828120432622,0.8270186405234636,0.8309536123040946,0.8286825714478447,0.8299417624176466,0.8259393339779192,0.8289328782963639,0.0015327287274148136
489.8038291215897,20.95674016887706,18.96173748970032,5.161513340345495,20,log2,3000,"{'max_depth': 20, 'max_features': 'log2', 'n_estimators': 3000}",0.7426143261837312,0.7753945770942938,0.7557668959935249,0.7480777013354917,0.764622546043311,0.7798016595830803,0.7018822100789314,0.7745395668892937,0.756729407002631,0.7743371787087634,0.7573766068913051,0.022021114312385848,12,0.9961323979132938,0.9947832343946753,0.9964472027343048,0.9955477603885591,0.9958401726890472,0.9951431205450498,0.9960875137724012,0.9963348548557551,0.9951880916511141,0.9959526004542082,0.9957456949398409,0.0005288538124664364
333.3496248483658,19.41527270648654,9.764809679985046,4.7111033853790465,,log2,2000,"{'max_depth': None, 'max_features': 'log2', 'n_estimators': 2000}",0.7399838122217726,0.7772157021448806,0.7559692432213678,0.7484823957911777,0.7648249342238413,0.7791944950414896,0.7006678809957498,0.7731228496255819,0.757538959724752,0.7757538959724752,0.7572754168963088,0.022605656294576257,13,1.0,1.0,1.0,1.0,1.0,1.0,1.0,1.0,1.0,1.0,1.0,0.0
493.5179577589035,26.60454683459233,20.029759550094603,3.555001327580704,50,auto,3000,"{'max_depth': 50, 'max_features': 'auto', 'n_estimators': 3000}",0.7418049372723594,0.7757992715499797,0.754552812626467,0.7466612707405909,0.7652297105849019,0.7814207650273224,0.7026917628010524,0.7729204614450516,0.75591985428051,0.7753491196114147,0.7572349965939649,0.0221391799379661,14,1.0,1.0,1.0,1.0,1.0,1.0,1.0,1.0,1.0,1.0,1.0,0.0
315.9883594036102,9.599972732794958,6.68669216632843,3.0223666880922346,20,sqrt,2000,"{'max_depth': 20, 'max_features': 'sqrt', 'n_estimators': 2000}",0.7426143261837312,0.7770133549170376,0.7555645487656819,0.7501011736139215,0.7625986642380085,0.778789718680429,0.7022869864399919,0.7727180732645214,0.7553126897389193,0.7749443432503542,0.7571943879092596,0.021744685505507906,15,0.9959525094441446,0.9949181507465371,0.9963572584997301,0.9953903579780536,0.995795201582983,0.9950981494389854,0.9959975715602726,0.9964247970678839,0.9950756638859533,0.9958626582420794,0.9956872318446622,0.00051016725523591
78.48081715106964,3.3809248511805268,0.4990596532821655,0.025393458639416323,20,auto,500,"{'max_depth': 20, 'max_features': 'auto', 'n_estimators': 500}",0.7444354512343181,0.773978146499393,0.7571833265884257,0.7472683124241198,0.7632058287795993,0.7769682250556568,0.7006678809957498,0.7731228496255819,0.7587532888079336,0.7759562841530054,0.7571539594163783,0.02184842929306452,16,0.9960199676200756,0.9946258319841698,0.9961323979132938,0.9955027882712718,0.9958626582420794,0.995165606098082,0.995795201582983,0.9964023115148517,0.9947608661435028,0.9959076293481438,0.9956175258718453,0.0005615584124023801
53.719949793815616,1.831355214991826,0.2942585706710815,0.02545108860419247,10,auto,500,"{'max_depth': 10, 'max_features': 'auto', 'n_estimators': 500}",0.7381626871711857,0.7822743828409551,0.7634560906515581,0.7414002428166734,0.7589556769884639,0.7765634486945963,0.7020845982594617,0.7670512042096742,0.7520744788504351,0.7895162922485327,0.7571539102731537,0.024214224541465778,17,0.8304776038855909,0.8282289980212268,0.8300503687713617,0.8296456197157762,0.827940548197783,0.8268837272052706,0.8310885256222876,0.8289299125311987,0.8287949992130056,0.8254671373642435,0.8287507440527746,0.001617640729949757
517.7634948253632,15.631867476422986,21.025621318817137,8.325119657733419,,auto,3000,"{'max_depth': None, 'max_features': 'auto', 'n_estimators': 3000}",0.7420072845002024,0.7753945770942938,0.755159854309996,0.7470659651962768,0.7648249342238413,0.7795992714025501,0.7020845982594617,0.7743371787087634,0.7557174660999798,0.7751467314308844,0.7571337861226249,0.022100268580220867,18,1.0,1.0,1.0,1.0,1.0,1.0,1.0,1.0,1.0,1.0,1.0,0.0
333.69199295043944,24.112294125848763,12.273538255691529,6.658538061921392,50,auto,2000,"{'max_depth': 50, 'max_features': 'auto', 'n_estimators': 2000}",0.7436260623229461,0.7774180493727236,0.7563739376770539,0.7472683124241198,0.7660392633070229,0.7785873304998988,0.7000607164541591,0.7733252378061122,0.7563246306415705,0.7723132969034608,0.7571336837409067,0.022320276965277122,19,1.0,1.0,1.0,1.0,1.0,1.0,1.0,1.0,1.0,1.0,1.0,0.0
161.77568476200105,2.338914165238774,1.1592953681945801,0.09541646000123397,,auto,1000,"{'max_depth': None, 'max_features': 'auto', 'n_estimators': 1000}",0.7405908539053015,0.7747875354107648,0.7581950627276406,0.7476730068798058,0.7648249342238413,0.7800040477636107,0.7018822100789314,0.7753491196114147,0.754300748836268,0.7733252378061122,0.7570932757243691,0.022164987198760023,20,1.0,1.0,1.0,1.0,1.0,1.0,1.0,1.0,1.0,1.0,1.0,0.0
351.42539846897125,28.296257610399064,9.924319124221801,3.6955672877482644,,sqrt,2000,"{'max_depth': None, 'max_features': 'sqrt', 'n_estimators': 2000}",0.7432213678672602,0.7764063132335087,0.7541481181707811,0.7498988263860785,0.763003440599069,0.7798016595830803,0.7012750455373407,0.7731228496255819,0.7571341833636915,0.7729204614450516,0.7570932265811443,0.021907947388920913,21,1.0,1.0,1.0,1.0,1.0,1.0,1.0,1.0,1.0,1.0,1.0,0.0
487.8445557594299,22.968066229953777,11.368841052055359,4.576054797877923,20,sqrt,3000,"{'max_depth': 20, 'max_features': 'sqrt', 'n_estimators': 3000}",0.7434237150951032,0.7747875354107648,0.7561715904492109,0.7474706596519628,0.7650273224043715,0.7800040477636107,0.7012750455373407,0.7727180732645214,0.7561222424610403,0.7737300141671727,0.75707302462051,0.021951695878788563,22,0.9962223421478683,0.9948731786292498,0.996492174851592,0.9953903579780536,0.9959526004542082,0.9953230049693073,0.9959750860072404,0.9963348548557551,0.9950082072268568,0.995930114901176,0.9957501922021308,0.0005358056415227747
24.004501700401306,0.845592818025836,0.13294799327850343,0.01119058632387938,10,log2,200,"{'max_depth': 10, 'max_features': 'log2', 'n_estimators': 200}",0.7375556454876568,0.7816673411574262,0.7622420072845002,0.7440307567786322,0.7625986642380085,0.7757538959724752,0.7032989273426432,0.7670512042096742,0.7494434325035418,0.7870876340821696,0.7570729509056727,0.02347858670563589,23,0.8303426875337291,0.8276218744378485,0.8303876596510164,0.8292633567188343,0.8271760393946889,0.8253547095990826,0.8303015312661615,0.8281654037281047,0.8293121669327457,0.8258943628718548,0.8283819792134066,0.0017500125187067824
333.21881461143494,20.01102005480686,15.702757024765015,5.9430806991056215,50,sqrt,2000,"{'max_depth': 50, 'max_features': 'sqrt', 'n_estimators': 2000}",0.7418049372723594,0.7749898826386078,0.754350465398624,0.7492917847025495,0.764622546043311,0.7816231532078527,0.7020845982594617,0.772515685083991,0.75591985428051,0.7727180732645214,0.7569920980151789,0.02188613044113598,24,1.0,1.0,1.0,1.0,1.0,1.0,1.0,1.0,1.0,1.0,1.0,0.0
163.54689610004425,9.890496250305024,1.0830515384674073,0.10606099586517893,50,auto,1000,"{'max_depth': 50, 'max_features': 'auto', 'n_estimators': 1000}",0.7428166734115743,0.7768110076891946,0.7567786321327398,0.7462565762849049,0.76381299332119,0.7791944950414896,0.7012750455373407,0.77170613236187,0.7571341833636915,0.7741347905282332,0.7569920529672227,0.022052856329169247,25,1.0,1.0,1.0,1.0,1.0,1.0,1.0,1.0,1.0,1.0,1.0,0.0
167.93874027729035,9.759768388659491,1.0757869720458983,0.05261508245469417,,log2,1000,"{'max_depth': None, 'max_features': 'log2', 'n_estimators': 1000}",0.7409955483609875,0.7757992715499797,0.7535410764872521,0.7494941319303926,0.7644201578627808,0.7804088241246712,0.7010726573568103,0.7737300141671727,0.7583485124468731,0.7719085205424003,0.756971871482932,0.022164667079925867,26,1.0,1.0,1.0,1.0,1.0,1.0,1.0,1.0,1.0,1.0,1.0,0.0
477.993732380867,25.894496123409233,13.450909042358399,7.151996797731981,20,auto,3000,"{'max_depth': 20, 'max_features': 'auto', 'n_estimators': 3000}",0.7409955483609875,0.7760016187778227,0.754350465398624,0.7494941319303926,0.7650273224043715,0.7789921068609593,0.6998583282736288,0.7741347905282332,0.7561222424610403,0.7743371787087634,0.7569313733704823,0.02255820375951468,27,0.9960649397373629,0.9948506925706062,0.9963347724410865,0.9955252743299154,0.9959526004542082,0.9953230049693073,0.9960875137724012,0.9961774559845299,0.995165606098082,0.995930114901176,0.9957411975258676,0.00046835776556505257
23.558916568756104,0.6318012921091756,0.12682759761810303,0.015327241949410422,10,sqrt,200,"{'max_depth': 10, 'max_features': 'sqrt', 'n_estimators': 200}",0.7369486038041279,0.7802509105625253,0.764063132335087,0.7434237150951032,0.7607771706132362,0.7767658368751265,0.7028941509815827,0.7672535923902044,0.7498482088646024,0.7870876340821696,0.7569312955603765,0.023602473810646937,28,0.8307699226479582,0.8284538586076633,0.8307924087066019,0.829600647598489,0.8275582937962359,0.8265239583567557,0.8298743057585501,0.8280529759629438,0.829222224720617,0.825152339621793,0.8286000935777608,0.0017357877156926502
339.8323398590088,8.058574878933426,18.473180079460143,6.078707267374299,,auto,2000,"{'max_depth': None, 'max_features': 'auto', 'n_estimators': 2000}",0.7399838122217726,0.7760016187778227,0.7555645487656819,0.7474706596519628,0.7650273224043715,0.7804088241246712,0.7012750455373407,0.7731228496255819,0.7563246306415705,0.7739324023477029,0.7569111714098479,0.022378990728013286,29,1.0,1.0,1.0,1.0,1.0,1.0,1.0,1.0,1.0,1.0,1.0,0.0
92.7782871723175,10.723403667178301,3.1459972143173216,3.9772088422295147,,log2,500,"{'max_depth': None, 'max_features': 'log2', 'n_estimators': 500}",0.7422096317280453,0.7788344799676244,0.7565762849048968,0.745447187373533,0.7648249342238413,0.7810159886662619,0.7008702691762801,0.7715037441813398,0.7555150779194495,0.7723132969034608,0.7569110895044733,0.02250482639982782,30,1.0,1.0,1.0,1.0,1.0,1.0,1.0,1.0,1.0,1.0,1.0,0.0
83.57861490249634,1.4059945630249575,0.6073073148727417,0.06439056352993228,,sqrt,500,"{'max_depth': None, 'max_features': 'sqrt', 'n_estimators': 500}",0.7418049372723594,0.7770133549170376,0.7581950627276406,0.7462565762849049,0.764622546043311,0.7795992714025501,0.7018822100789314,0.7731228496255819,0.7553126897389193,0.7710989678202793,0.7568908465911515,0.021946593633559157,31,1.0,1.0,1.0,1.0,1.0,1.0,1.0,1.0,1.0,1.0,1.0,0.0
80.8402672290802,1.455179463809739,0.5433487176895142,0.03204876686704446,,auto,500,"{'max_depth': None, 'max_features': 'auto', 'n_estimators': 500}",0.7418049372723594,0.7768110076891946,0.7557668959935249,0.7474706596519628,0.7636106051406598,0.7812183768467922,0.7010726573568103,0.7721109087229305,0.755110301558389,0.7735276259866424,0.7568503976219266,0.022312869598367494,32,1.0,1.0,1.0,1.0,1.0,1.0,1.0,1.0,1.0,1.0,1.0,0.0
523.2440029859542,41.43786683661757,32.51891875267029,13.347381444751399,,sqrt,3000,"{'max_depth': None, 'max_features': 'sqrt', 'n_estimators': 3000}",0.7405908539053015,0.7760016187778227,0.755159854309996,0.7470659651962768,0.7652297105849019,0.7800040477636107,0.7002631046346893,0.7735276259866424,0.7573365715442218,0.7729204614450516,0.7568099814148516,0.022527223850372452,33,1.0,1.0,1.0,1.0,1.0,1.0,1.0,1.0,1.0,1.0,1.0,0.0
11.809048819541932,0.6640724312501097,0.06532502174377441,0.006661418594456373,10,sqrt,100,"{'max_depth': 10, 'max_features': 'sqrt', 'n_estimators': 100}",0.7391744233104006,0.7808579522460543,0.7606232294617564,0.7430190206394173,0.7593604533495244,0.7789921068609593,0.7037037037037037,0.7670512042096742,0.7502529852256629,0.7848613640963368,0.7567896443103489,0.02312494405827562,34,0.8304326317683036,0.8267449181507466,0.8299604245367872,0.8287236913113869,0.8271760393946889,0.8259618195309514,0.8297843635464214,0.8284802014705551,0.82883997031907,0.8252422818339217,0.8281346341862832,0.0016803825352583153
497.89439635276796,37.29305012715767,17.12819097042084,8.390090420066112,,log2,3000,"{'max_depth': None, 'max_features': 'log2', 'n_estimators': 3000}",0.7430190206394173,0.7751922298664509,0.754552812626467,0.7484823957911777,0.762193887876948,0.7800040477636107,0.7010726573568103,0.772515685083991,0.7569317951831613,0.7735276259866424,0.7567492158174678,0.02191407832427947,35,1.0,1.0,1.0,1.0,1.0,1.0,1.0,1.0,1.0,1.0,1.0,0.0
77.81258051395416,5.64770300959138,0.5236101388931275,0.03320678953164246,50,log2,500,"{'max_depth': 50, 'max_features': 'log2', 'n_estimators': 500}",0.7426143261837312,0.7737757992715499,0.7523269931201942,0.7474706596519628,0.7615867233353573,0.7830398704715644,0.7010726573568103,0.7733252378061122,0.75591985428051,0.7761586723335357,0.7567290793811329,0.022498892780184812,36,1.0,1.0,1.0,1.0,1.0,1.0,1.0,1.0,1.0,1.0,1.0,0.0
154.2941180229187,3.487565662489791,0.9776073217391967,0.05292327295880327,20,sqrt,1000,"{'max_depth': 20, 'max_features': 'sqrt', 'n_estimators': 1000}",0.7418049372723594,0.7751922298664509,0.7561715904492109,0.7476730068798058,0.7648249342238413,0.7795992714025501,0.6972272819267354,0.7731228496255819,0.756729407002631,0.7747419550698239,0.756708746371899,0.0231693955355301,37,0.9959974815614319,0.9948506925706062,0.9964022306170175,0.9956377046231336,0.9956378027117577,0.9951880916511141,0.9958626582420794,0.9964023115148517,0.9948957794616958,0.9958851437951116,0.9956759896748801,0.000526092074867075
169.3404709339142,9.260825448024521,1.9299015998840332,0.9784860194753343,,sqrt,1000,"{'max_depth': None, 'max_features': 'sqrt', 'n_estimators': 1000}",0.7428166734115743,0.7782274382840955,0.755159854309996,0.7480777013354917,0.7648249342238413,0.7798016595830803,0.6990487755515078,0.7719085205424003,0.7555150779194495,0.7715037441813398,0.7566884379342776,0.0226011304887301,38,1.0,1.0,1.0,1.0,1.0,1.0,1.0,1.0,1.0,1.0,1.0,0.0
335.81471507549287,19.83349027149643,8.367924070358276,3.1880359659654403,50,log2,2000,"{'max_depth': 50, 'max_features': 'log2', 'n_estimators': 2000}",0.7397814649939296,0.7751922298664509,0.7569809793605827,0.7458518818292189,0.7650273224043715,0.7802064359441409,0.7022869864399919,0.77170613236187,0.7565270188221008,0.7731228496255819,0.7566683301648239,0.021962574471876717,39,1.0,1.0,1.0,1.0,1.0,1.0,1.0,1.0,1.0,1.0,1.0,0.0
21.226520466804505,1.0266547638389805,0.11639404296875,0.009322314901462507,10,auto,200,"{'max_depth': 10, 'max_features': 'auto', 'n_estimators': 200}",0.7371509510319708,0.7816673411574262,0.7606232294617564,0.7414002428166734,0.756729407002631,0.7757538959724752,0.7035013155231734,0.7664440396680834,0.7516697024893746,0.7907306213317142,0.7565670746455279,0.023929722699382074,40,0.831287101996762,0.828161539845296,0.8300053966540745,0.8287686634286742,0.8284127448114587,0.8264789872506915,0.8315607222359634,0.8273784093719785,0.8289523980842309,0.8251973107278574,0.8286203274406987,0.0018949041561291482
325.1637894153595,15.089102513401887,12.732221984863282,6.521360116426391,20,auto,2000,"{'max_depth': 20, 'max_features': 'auto', 'n_estimators': 2000}",0.7422096317280453,0.773371104815864,0.755362201537839,0.7474706596519628,0.7652297105849019,0.7789921068609593,0.7006678809957498,0.772515685083991,0.7561222424610403,0.7735276259866424,0.7565468849706996,0.021948948813478242,41,0.9959749955027882,0.994738262277388,0.9962673142651556,0.9957726209749955,0.9958626582420794,0.9951880916511141,0.9960425426663368,0.9963348548557551,0.9948957794616958,0.9958401726890472,0.9956917292586356,0.0005293675743731562
78.54784197807312,2.2158758545460366,0.5299418687820434,0.054054153440032116,50,auto,500,"{'max_depth': 50, 'max_features': 'auto', 'n_estimators': 500}",0.7405908539053015,0.7747875354107648,0.7557668959935249,0.7486847430190207,0.7654320987654321,0.7812183768467922,0.7004654928152196,0.7727180732645214,0.7518720906699049,0.7739324023477029,0.7565468563038186,0.0225124570925149,42,1.0,1.0,1.0,1.0,1.0,1.0,1.0,1.0,1.0,1.0,1.0,0.0
153.1030181646347,2.7483948902655335,1.0176105737686156,0.051784335081044984,20,log2,1000,"{'max_depth': 20, 'max_features': 'log2', 'n_estimators': 1000}",0.7430190206394173,0.7762039660056658,0.7565762849048968,0.7486847430190207,0.763003440599069,0.7773730014167173,0.699251163732038,0.7735276259866424,0.7528840315725561,0.7749443432503542,0.7565467621126377,0.02242690466635226,43,0.9962223421478683,0.9946258319841698,0.9959974815614319,0.99536787191941,0.995682773817822,0.9951431205450498,0.9961774559845299,0.9964023115148517,0.9949857216738246,0.9958851437951116,0.9956490054944072,0.0005635217025848154
10.513652133941651,0.31786365441526115,0.05785105228424072,0.0025317715647622256,10,auto,100,"{'max_depth': 10, 'max_features': 'auto', 'n_estimators': 100}",0.7373532982598139,0.7828814245244841,0.7600161877782274,0.7426143261837312,0.7599676178911151,0.7751467314308844,0.7043108682452944,0.7668488160291439,0.7526816433920259,0.7834446468326249,0.7565265560567346,0.02280102296516696,44,0.8305000899442345,0.828026623493434,0.8295781615398453,0.8287461773700305,0.8277606637735255,0.8262316461673375,0.8285476581296517,0.8285251725766195,0.8286151147887483,0.8252872529399861,0.8281818560723414,0.0014305688493231287
80.46973578929901,6.928094344273613,0.5576030015945435,0.10138129971731788,20,log2,500,"{'max_depth': 20, 'max_features': 'log2', 'n_estimators': 500}",0.7411978955888304,0.7766086604613517,0.7579927154997976,0.7472683124241198,0.76381299332119,0.7800040477636107,0.6980368346488565,0.7721109087229305,0.755110301558389,0.7727180732645214,0.7564860743253596,0.022931381139326946,45,0.9960649397373629,0.994738262277388,0.9963572584997301,0.9955027882712718,0.9956602882647899,0.9948283228025994,0.9960875137724012,0.9961774559845299,0.9944235828480201,0.9958851437951116,0.9955725556253204,0.0006457266638543498
77.2438246011734,2.896957379962143,0.5089379549026489,0.037896614932567046,20,sqrt,500,"{'max_depth': 20, 'max_features': 'sqrt', 'n_estimators': 500}",0.7375556454876568,0.774180493727236,0.7549575070821529,0.7458518818292189,0.7686703096539163,0.7795992714025501,0.7016798218984012,0.7727180732645214,0.755110301558389,0.7743371787087634,0.7564660484612806,0.02248845351328351,46,0.9960424536787192,0.9948506925706062,0.9964472027343048,0.99536787191941,0.995795201582983,0.9951206349920176,0.995795201582983,0.9963348548557551,0.9945135250601489,0.9960200571133047,0.9956287696090232,0.0006102025447013882
468.26570217609407,39.49756670936963,22.73955354690552,7.378282151850648,50,log2,3000,"{'max_depth': 50, 'max_features': 'log2', 'n_estimators': 3000}",0.7420072845002024,0.7753945770942938,0.755362201537839,0.7458518818292189,0.76381299332119,0.7775753895972475,0.7002631046346893,0.7723132969034608,0.757538959724752,0.7739324023477029,0.7564052091490596,0.022128939796553244,47,1.0,1.0,1.0,1.0,1.0,1.0,1.0,1.0,1.0,1.0,1.0,0.0
11.835698461532592,0.5844927645513434,0.07041454315185547,0.010708578208577428,10,log2,100,"{'max_depth': 10, 'max_features': 'log2', 'n_estimators': 100}",0.7383650343990288,0.7806556050182113,0.7634560906515581,0.7393767705382436,0.7607771706132362,0.7719085205424003,0.7030965391621129,0.7682655332928557,0.7500505970451325,0.7874924104432302,0.7563444271706009,0.023456169309777897,48,0.8293083288361216,0.8279366792588595,0.83016279906458,0.8282964561971577,0.8275133226901715,0.8262091606143053,0.829851820205518,0.8275807793492681,0.8287050570008769,0.825781935106694,0.8281346338323553,0.0013698875510181477
164.79105658531188,16.68933677793848,1.5981390714645385,0.3731745060806179,50,log2,1000,"{'max_depth': 50, 'max_features': 'log2', 'n_estimators': 1000}",0.7414002428166734,0.7755969243221368,0.7563739376770539,0.744840145690004,0.7650273224043715,0.7789921068609593,0.7006678809957498,0.7723132969034608,0.755110301558389,0.7727180732645214,0.756304023249332,0.022224158798476678,49,1.0,1.0,1.0,1.0,1.0,1.0,1.0,1.0,1.0,1.0,1.0,0.0
317.4575261831284,14.467258738815524,5.85785231590271,2.785052594207899,20,log2,2000,"{'max_depth': 20, 'max_features': 'log2', 'n_estimators': 2000}",0.7395791177660866,0.774180493727236,0.7555645487656819,0.7476730068798058,0.7644201578627808,0.7798016595830803,0.6994535519125683,0.7723132969034608,0.755110301558389,0.7741347905282332,0.7562230925487323,0.022582982863612846,50,0.9961323979132938,0.9948057204533189,0.9962898003237992,0.9955702464472027,0.995795201582983,0.9950306927798889,0.9961099993254334,0.9961324848784656,0.9951880916511141,0.995930114901176,0.9956984750256677,0.0004978515996396796
162.79537205696107,10.616770908030894,1.1659259557724,0.17117198466922795,50,sqrt,1000,"{'max_depth': 50, 'max_features': 'sqrt', 'n_estimators': 1000}",0.7393767705382436,0.7764063132335087,0.754350465398624,0.7480777013354917,0.763003440599069,0.7783849423193685,0.7000607164541591,0.770896579639749,0.756729407002631,0.7745395668892937,0.7561825903410139,0.022368264778914713,51,1.0,1.0,1.0,1.0,1.0,1.0,1.0,1.0,1.0,1.0,1.0,0.0
30.170742297172545,1.0466785417469997,0.19334537982940675,0.01710731839562081,20,sqrt,200,"{'max_depth': 20, 'max_features': 'sqrt', 'n_estimators': 200}",0.7397814649939296,0.774180493727236,0.755362201537839,0.7470659651962768,0.7662416514875531,0.7808136004857317,0.6964177292046144,0.77170613236187,0.7549079133778588,0.7751467314308844,0.7561623883803794,0.0235768043925354,52,0.9956377046231336,0.9942660550458715,0.9960199676200756,0.9947157762187444,0.995682773817822,0.994783351696535,0.9955028893935647,0.9960875137724012,0.9943111550828593,0.9958851437951116,0.9952892331066119,0.0006660772451601867
78.94657897949219,1.6954284705129963,0.7628354072570801,0.7393473701964273,50,sqrt,500,"{'max_depth': 50, 'max_features': 'sqrt', 'n_estimators': 500}",0.7428166734115743,0.7721570214488062,0.75475515985431,0.7488870902468636,0.7652297105849019,0.7791944950414896,0.6998583282736288,0.769277474195507,0.7547055251973285,0.7747419550698239,0.7561623433324234,0.021888390366611703,53,1.0,1.0,1.0,1.0,1.0,1.0,1.0,1.0,1.0,1.0,1.0,0.0
505.7381534576416,32.4538645218282,21.769417309761046,7.961184542333408,50,sqrt,3000,"{'max_depth': 50, 'max_features': 'sqrt', 'n_estimators': 3000}",0.7403885066774585,0.7764063132335087,0.755159854309996,0.7488870902468636,0.7625986642380085,0.7781825541388383,0.7002631046346893,0.772515685083991,0.7549079133778588,0.77170613236187,0.7561015818303083,0.022077556858408266,54,1.0,1.0,1.0,1.0,1.0,1.0,1.0,1.0,1.0,1.0,1.0,0.0
158.03182792663574,3.6002054158738863,1.0817445516586304,0.0606178247145507,20,auto,1000,"{'max_depth': 20, 'max_features': 'auto', 'n_estimators': 1000}",0.7411978955888304,0.7731687575880211,0.7579927154997976,0.7466612707405909,0.7644201578627808,0.7795992714025501,0.7008702691762801,0.7710989678202793,0.7547055251973285,0.7704918032786885,0.7560206634155148,0.021706740400100687,55,0.9960199676200756,0.9949406368051807,0.9964247166756611,0.9953228998021226,0.9957727160299508,0.9954354327344681,0.9958176871360152,0.9964697681739483,0.9948058372495672,0.9961099993254334,0.9957119661552423,0.000547202147636319
31.25599274635315,1.3961481396164699,0.21523661613464357,0.02535399842368748,50,sqrt,200,"{'max_depth': 50, 'max_features': 'sqrt', 'n_estimators': 200}",0.7414002428166734,0.7745851881829219,0.7496964791582356,0.744840145690004,0.7650273224043715,0.7832422586520947,0.7000607164541591,0.7727180732645214,0.7547055251973285,0.7731228496255819,0.7559398801445892,0.0229128806061885,56,1.0,1.0,1.0,1.0,1.0,1.0,1.0,1.0,1.0,1.0,1.0,0.0
32.799880909919736,1.5676736449069408,0.2859931945800781,0.13909550188379105,,log2,200,"{'max_depth': None, 'max_features': 'log2', 'n_estimators': 200}",0.7379603399433428,0.7778227438284095,0.7549575070821529,0.7468636179684338,0.7593604533495244,0.7802064359441409,0.7016798218984012,0.7706941914592188,0.7547055251973285,0.7727180732645214,0.7556968709935475,0.022204318763428602,57,1.0,1.0,1.0,1.0,1.0,1.0,1.0,1.0,1.0,1.0,1.0,0.0
31.427378726005553,1.7296892700084399,0.20354440212249755,0.0215297765589171,50,auto,200,"{'max_depth': 50, 'max_features': 'auto', 'n_estimators': 200}",0.7399838122217726,0.7711452853095913,0.754552812626467,0.745649534601376,0.7664440396680834,0.7781825541388383,0.6966201173851447,0.7747419550698239,0.754300748836268,0.7737300141671727,0.7555350874024538,0.023213312678019238,58,1.0,1.0,1.0,1.0,1.0,1.0,1.0,1.0,1.0,1.0,1.0,0.0
32.44972224235535,0.9810822291664626,0.2323906660079956,0.02015005821049814,,sqrt,200,"{'max_depth': None, 'max_features': 'sqrt', 'n_estimators': 200}",0.7407932011331445,0.7770133549170376,0.754552812626467,0.7444354512343181,0.7632058287795993,0.7806112123052014,0.699251163732038,0.7682655332928557,0.7524792552114956,0.7731228496255819,0.7553730662857739,0.022668938185761545,59,1.0,1.0,1.0,1.0,1.0,1.0,1.0,1.0,1.0,1.0,1.0,0.0
30.28829915523529,1.2816404985208194,0.19990298748016358,0.012469490114629004,20,auto,200,"{'max_depth': 20, 'max_features': 'auto', 'n_estimators': 200}",0.7403885066774585,0.7743828409550789,0.7583974099554837,0.7458518818292189,0.7650273224043715,0.7800040477636107,0.697632058287796,0.7682655332928557,0.754300748836268,0.7676583687512649,0.7551908718753408,0.022444563620143326,60,0.9962898003237992,0.994490915632308,0.9960424536787192,0.9953453858607664,0.9954804038405325,0.9950981494389854,0.9954804038405325,0.9962449126436265,0.9947383805904706,0.9958176871360152,0.9955028492985756,0.0005795042824252916
30.6656702041626,1.9054564477157476,0.20607240200042726,0.02615694774877435,20,log2,200,"{'max_depth': 20, 'max_features': 'log2', 'n_estimators': 200}",0.7414002428166734,0.7755969243221368,0.7539457709429381,0.7428166734115743,0.7605747824327059,0.7810159886662619,0.6990487755515078,0.770896579639749,0.7555150779194495,0.7702894150981583,0.7551100230801155,0.022547267302604743,61,0.9960199676200756,0.9945134016909516,0.9956377046231336,0.9947607483360317,0.9957727160299508,0.9946034672722776,0.9959750860072404,0.9960875137724012,0.9948283228025994,0.995682773817822,0.9953881701972485,0.0006014748311706328
30.687842559814452,1.8465072056743626,0.2161695957183838,0.03267439793647581,50,log2,200,"{'max_depth': 50, 'max_features': 'log2', 'n_estimators': 200}",0.7414002428166734,0.7755969243221368,0.7513152569809793,0.7468636179684338,0.762193887876948,0.7793968832220198,0.6960129528435539,0.7721109087229305,0.7555150779194495,0.7694798623760373,0.7549885615049163,0.02306102774217511,62,1.0,1.0,1.0,1.0,1.0,1.0,1.0,1.0,1.0,1.0,1.0,0.0
32.82580816745758,0.7738457432315818,0.23095934391021727,0.02211558176754099,,auto,200,"{'max_depth': None, 'max_features': 'auto', 'n_estimators': 200}",0.7407932011331445,0.7719546742209632,0.7523269931201942,0.7484823957911777,0.7640153815017203,0.7806112123052014,0.6990487755515078,0.7652297105849019,0.7526816433920259,0.7729204614450516,0.7548064449045888,0.021994224509403398,63,1.0,1.0,1.0,1.0,1.0,1.0,1.0,1.0,1.0,1.0,1.0,0.0
16.327928447723387,0.6181665029391397,0.11832826137542725,0.021177015094317672,,log2,100,"{'max_depth': None, 'max_features': 'log2', 'n_estimators': 100}",0.7379603399433428,0.7753945770942938,0.755362201537839,0.7450424929178471,0.7644201578627808,0.7804088241246712,0.6968225055656749,0.7670512042096742,0.7508601497672536,0.7702894150981583,0.7543611868121536,0.023057744419538843,64,1.0,1.0,0.9999775139413564,0.9999775139413564,1.0,1.0,1.0,1.0,1.0,1.0,0.9999955027882713,8.994423457453493e-06
15.03034975528717,0.4453619290703424,0.10982019901275634,0.014720663139238949,50,auto,100,"{'max_depth': 50, 'max_features': 'auto', 'n_estimators': 100}",0.7373532982598139,0.7709429380817483,0.7519222986645083,0.7436260623229461,0.7648249342238413,0.7826350941105039,0.6996559400930986,0.770896579639749,0.7536935842946771,0.7668488160291439,0.7542399545720031,0.022397858164922266,65,1.0,1.0,1.0,0.9999775139413564,1.0,0.9999775144469678,1.0,0.9999775144469678,1.0,1.0,0.9999932542835293,1.0304252115546852e-05
15.438608026504516,0.24476286718398144,0.10334362983703613,0.005741675023861699,50,sqrt,100,"{'max_depth': 50, 'max_features': 'sqrt', 'n_estimators': 100}",0.7416025900445163,0.7762039660056658,0.7563739376770539,0.7420072845002024,0.763003440599069,0.7783849423193685,0.6998583282736288,0.7680631451123254,0.749645820684072,0.7666464278486136,0.7541789883064516,0.02186212101824076,66,1.0,0.9999550278827127,1.0,0.9999775139413564,1.0,0.9999775144469678,1.0,0.9999325433409034,1.0,1.0,0.9999842599611941,2.2597847026047548e-05
15.792442655563354,0.2710987706886899,0.10829372406005859,0.007948513192806057,,sqrt,100,"{'max_depth': None, 'max_features': 'sqrt', 'n_estimators': 100}",0.7422096317280453,0.773371104815864,0.7563739376770539,0.745649534601376,0.7605747824327059,0.7783849423193685,0.6974296701072658,0.7690750860149768,0.7482291034203602,0.7686703096539163,0.7539968102770933,0.022143741977504842,67,0.9999775139413564,1.0,0.9999775139413564,0.9999775139413564,1.0,1.0,1.0,1.0,1.0,1.0,0.9999932541824069,1.030440658156676e-05
15.354534435272218,0.5041633041345827,0.10417368412017822,0.006636465378953627,20,log2,100,"{'max_depth': 20, 'max_features': 'log2', 'n_estimators': 100}",0.7345204370700121,0.7772157021448806,0.7535410764872521,0.7470659651962768,0.7619914996964178,0.7739324023477029,0.6966201173851447,0.7731228496255819,0.75591985428051,0.7658368751264926,0.7539766779360271,0.02286876625214094,68,0.9958850512682137,0.9943110271631589,0.9950305810397554,0.9945583738082389,0.9952330627571785,0.9950306927798889,0.9952780338632429,0.9956378027117577,0.9944685539540845,0.9950082072268568,0.9950441386572375,0.0004750098611538743
15.664923596382142,0.5029477121213357,0.1062391996383667,0.007194174363782456,50,log2,100,"{'max_depth': 50, 'max_features': 'log2', 'n_estimators': 100}",0.7353298259813841,0.773573452043707,0.7555645487656819,0.7494941319303926,0.764622546043311,0.7751467314308844,0.6929771301356,0.7670512042096742,0.7500505970451325,0.7733252378061122,0.753713540539188,0.02365763175994535,69,1.0,1.0,1.0,1.0,1.0,1.0,1.0,1.0,1.0,0.9999775144469678,0.9999977514446968,6.7456659096576385e-06
15.099629616737365,0.7460774212465721,0.10508992671966552,0.010817047785813586,20,auto,100,"{'max_depth': 20, 'max_features': 'auto', 'n_estimators': 100}",0.7365439093484419,0.773371104815864,0.7569809793605827,0.7450424929178471,0.762193887876948,0.7749443432503542,0.699251163732038,0.7702894150981583,0.7484314916008905,0.7694798623760373,0.7536528650377162,0.021925083355632025,70,0.9955702464472027,0.9937263896384242,0.9957501349163519,0.9952329555675481,0.9954129471814359,0.994783351696535,0.9957502304769186,0.9958401726890472,0.9938164729161514,0.9952105772041463,0.995109347873376,0.0007332081814738176
15.243001174926757,0.2884783932645174,0.10565078258514404,0.010570633428205387,20,sqrt,100,"{'max_depth': 20, 'max_features': 'sqrt', 'n_estimators': 100}",0.7347227842978551,0.7731687575880211,0.7517199514366654,0.7430190206394173,0.7625986642380085,0.7810159886662619,0.6996559400930986,0.7704918032786885,0.7486338797814208,0.7704918032786885,0.7535518593298126,0.022787401027071805,71,0.9952779276848354,0.9941536247526533,0.9959974815614319,0.9942660550458715,0.9954129471814359,0.9947608661435028,0.9955703460526611,0.9957727160299508,0.9939963573404088,0.9954804038405325,0.9950688725633284,0.0006832266619116825
16.244369435310364,0.5676601856565794,0.11528186798095703,0.013415365072987474,,auto,100,"{'max_depth': None, 'max_features': 'auto', 'n_estimators': 100}",0.7365439093484419,0.7774180493727236,0.754350465398624,0.745447187373533,0.7640153815017203,0.7759562841530054,0.6960129528435539,0.7672535923902044,0.7500505970451325,0.7640153815017203,0.753106380092866,0.02270430637923251,72,1.0,0.9999775139413564,1.0,0.9999775139413564,1.0,0.9999775144469678,1.0,1.0,1.0,0.9999550288939356,0.9999887571223617,1.5083842900768547e-05
1.0823422908782958,0.07473886674094503,0.007457375526428223,0.0017720578841565243,10,auto,10,"{'max_depth': 10, 'max_features': 'auto', 'n_estimators': 10}",0.7339133953864833,0.7707405908539053,0.7577903682719547,0.7345204370700121,0.7563246306415705,0.7713013560008095,0.6988463873709775,0.7587532888079336,0.7445861161708156,0.7781825541388383,0.75049591247133,0.02235492280811948,73,0.8239341608202915,0.8211009174311926,0.8231696348264076,0.8206736823169635,0.824904998538439,0.8168551705529198,0.8229262698716074,0.8225440154700605,0.8224540732579317,0.8195759224698131,0.8218138845555627,0.002224289815462424
1.1495819330215453,0.016862989159715517,0.007307291030883789,0.0012715305229114072,10,sqrt,10,"{'max_depth': 10, 'max_features': 'sqrt', 'n_estimators': 10}",0.7282476730068798,0.7772157021448806,0.7535410764872521,0.7409955483609875,0.757538959724752,0.7721109087229305,0.6929771301356,0.762193887876948,0.7379073062133171,0.777980165958308,0.7500708358631856,0.024864788527460362,74,0.8245637704623133,0.8228548300053966,0.820516279906458,0.8197517539125742,0.822094304409417,0.8192836102803949,0.824005576417152,0.8200031479774245,0.8235558653565085,0.8173048816135633,0.82139340203412,0.0022526063360209904
1.148362898826599,0.017878649493590814,0.007586908340454101,0.0006725624221757506,10,log2,10,"{'max_depth': 10, 'max_features': 'log2', 'n_estimators': 10}",0.7276406313233509,0.7717523269931202,0.7513152569809793,0.7385673816268717,0.7540983606557377,0.7678607569317952,0.7010726573568103,0.763003440599069,0.7455980570734669,0.778789718680429,0.749969858822163,0.022028466136172542,75,0.8260703363914373,0.8212358337830545,0.8237767584097859,0.8206287101996762,0.8206552290153576,0.8201380612956176,0.8203629168259393,0.8205652868032289,0.8214197378184517,0.8191711825152339,0.8214024053057785,0.0019227657397984368
194.21389670372008,4.728491328285105,1.077552604675293,0.06524830356587988,5,log2,3000,"{'max_depth': 5, 'max_features': 'log2', 'n_estimators': 3000}",0.7209631728045326,0.7855119384864427,0.7618373128288143,0.7148927559692432,0.747217162517709,0.7528840315725561,0.73224043715847,0.7561222424610403,0.7320380489779397,0.7715037441813398,0.7475210846958087,0.021376187457558652,76,0.7673592372728908,0.7632667745997481,0.7644585357078612,0.7677639863284763,0.764238976457626,0.7635868954196928,0.7644638319879478,0.7653407685562026,0.7665774739729724,0.7598542936163515,0.764691077391977,0.0021793320554510873
6.757670998573303,0.4129151494817269,0.038149905204772946,0.004839429684845662,5,auto,100,"{'max_depth': 5, 'max_features': 'auto', 'n_estimators': 100}",0.7229866450829624,0.7857142857142857,0.7622420072845002,0.7148927559692432,0.7437765634486946,0.754300748836268,0.7348714835053632,0.755110301558389,0.7324428253390002,0.7680631451123254,0.7474400761851032,0.020661149929750555,77,0.76778647238712,0.7634916351861846,0.7643461054146429,0.7702149667206332,0.7633170687833067,0.7639691498212399,0.765633080745621,0.765633080745621,0.7670046994805837,0.7590223281541609,0.7650418587439114,0.0028651945831566637
31.77338316440582,1.1313252731654555,0.16841621398925782,0.006803036003295943,5,log2,500,"{'max_depth': 5, 'max_features': 'log2', 'n_estimators': 500}",0.7213678672602185,0.7867260218535006,0.7608255766895994,0.7154997976527722,0.7470147743371787,0.7534911961141469,0.7320380489779397,0.754300748836268,0.7310261080752884,0.7710989678202793,0.7473389107617192,0.021383746129296815,78,0.7671343766864543,0.7625472207231516,0.7638064400071956,0.7671793488037417,0.7643064331167225,0.7649585141546557,0.7653407685562026,0.7647336586243338,0.7659253929350393,0.7601915769118341,0.7646123730519332,0.001997257917495696
13.121492195129395,0.8365838435206325,0.06987602710723877,0.0027512213171133676,5,log2,200,"{'max_depth': 5, 'max_features': 'log2', 'n_estimators': 200}",0.7205584783488467,0.7883447996762445,0.7581950627276406,0.7132739781464994,0.7458004452539971,0.7524792552114956,0.7336571544221817,0.755110301558389,0.7350738716858936,0.7706941914592188,0.7473187538490407,0.021562053244268138,79,0.7648183126461594,0.7624123043712898,0.7623673322540025,0.767853930563051,0.7631146988060171,0.7645987453061408,0.7631371843590493,0.7664200751017471,0.7670496705866481,0.7595619814269332,0.7641334235421039,0.0023931307392214105
64.90918102264405,3.015270299346211,0.33917081356048584,0.02406676386709957,5,sqrt,1000,"{'max_depth': 5, 'max_features': 'sqrt', 'n_estimators': 1000}",0.7229866450829624,0.7887494941319304,0.7614326183731283,0.7128692836908135,0.7476219388787695,0.7522768670309654,0.7312284962558186,0.7555150779194495,0.731430884436349,0.7690750860149768,0.7473186391815163,0.02184270640787822,80,0.767471667566109,0.7627945673682317,0.7643685914732865,0.767719014211189,0.7645762597531086,0.7632046410181459,0.7647786297303982,0.7648460863894947,0.767297011670002,0.7592696692375149,0.7646326138417481,0.00242906525009224
193.6835431098938,6.222535750616563,1.0594423294067383,0.08864706170418553,5,auto,3000,"{'max_depth': 5, 'max_features': 'auto', 'n_estimators': 3000}",0.7207608255766896,0.7865236746256576,0.7604208822339134,0.7130716309186564,0.7466099979761182,0.7538959724752075,0.7310261080752884,0.7565270188221008,0.7334547662416515,0.7704918032786885,0.7472782680223972,0.02170269369349043,81,0.7677415002698327,0.7631093721892427,0.7637839539485519,0.7676515560352581,0.7643963753288512,0.7641490342454973,0.7646437164122052,0.765385739662267,0.7672520405639377,0.7599667213815123,0.7648080010037156,0.002258340040910479
128.93315279483795,4.8055005929055845,0.6712903499603271,0.023824287079158117,5,log2,2000,"{'max_depth': 5, 'max_features': 'log2', 'n_estimators': 2000}",0.7207608255766896,0.7869283690813436,0.7626467017401861,0.7130716309186564,0.7466099979761182,0.7522768670309654,0.7312284962558186,0.756729407002631,0.7332523780611212,0.769277474195507,0.7472782147839037,0.021759206062818098,82,0.7678314445044072,0.7626821370750135,0.7647958265875158,0.7681687353840618,0.7644413464349156,0.7633170687833067,0.7648460863894947,0.7655656240865244,0.7671620983518089,0.7596519236390619,0.7648462291236111,0.0024494947183216994
32.73723578453064,1.3210092977334715,0.17775321006774902,0.013973421802150285,5,sqrt,500,"{'max_depth': 5, 'max_features': 'sqrt', 'n_estimators': 500}",0.7225819506272764,0.7877377579927155,0.764467826790773,0.7120598947794415,0.7458004452539971,0.7506577615867234,0.7302165553531674,0.7547055251973285,0.7326452135195305,0.770087026917628,0.7470959958018581,0.0220830202329919,83,0.7663248785752833,0.7629294837200935,0.7642561611800683,0.7678989026803382,0.7644638319879478,0.7637442942909181,0.7635868954196928,0.7656780518516852,0.7668023295032942,0.7600566635936411,0.7645741492802962,0.0021258326318949945
194.72407507896423,5.530555231076317,1.0356516599655152,0.07787642306993488,5,sqrt,3000,"{'max_depth': 5, 'max_features': 'sqrt', 'n_estimators': 3000}",0.7211655200323756,0.7873330635370296,0.7602185350060704,0.7134763253743424,0.7455980570734669,0.7526816433920259,0.7326452135195305,0.7553126897389193,0.7324428253390002,0.7694798623760373,0.7470353735388798,0.02149277332611136,84,0.7667745997481561,0.7626146788990825,0.7643011332973556,0.767853930563051,0.7642614620106581,0.7634294965484676,0.76448631754098,0.7649809997076878,0.766667416185101,0.7595619814269332,0.7644932015927473,0.002247939544552431
131.12649879455566,5.539018457494467,0.7384988069534302,0.07171455760288782,5,sqrt,2000,"{'max_depth': 5, 'max_features': 'sqrt', 'n_estimators': 2000}",0.7207608255766896,0.7867260218535006,0.7628490489680292,0.7120598947794415,0.7453956688929366,0.7528840315725561,0.7304189435336976,0.7557174660999798,0.733049989880591,0.7702894150981583,0.747015130625558,0.022053963580080042,85,0.7674266954488217,0.7627271091923008,0.7644810217665048,0.7680563050908437,0.7657005374047174,0.7630922132529849,0.7645088030940121,0.7653407685562026,0.7662626762305219,0.7600341780406089,0.7647630308077519,0.0022548884272133225
128.44594104290007,4.96685642522237,0.683616042137146,0.0343780407873434,5,auto,2000,"{'max_depth': 5, 'max_features': 'auto', 'n_estimators': 2000}",0.7197490894374747,0.7855119384864427,0.7610279239174423,0.7122622420072845,0.7462052216150576,0.7520744788504351,0.731430884436349,0.7555150779194495,0.7332523780611212,0.7713013560008095,0.7468330590731866,0.021794119050054746,86,0.7680563050908437,0.7633117467170354,0.7645484799424357,0.767224320921029,0.7642164909045938,0.7633620398893711,0.7656105951925888,0.7648236008364626,0.7666899017381332,0.7597643514042228,0.7647607832636716,0.0022525308986157283
64.88109066486359,2.4848994581079813,0.34773614406585696,0.015951342886747634,5,log2,1000,"{'max_depth': 5, 'max_features': 'log2', 'n_estimators': 1000}",0.7205584783488467,0.7863213273978147,0.7602185350060704,0.7150951031970862,0.7453956688929366,0.7520744788504351,0.7294070026310463,0.7563246306415705,0.7320380489779397,0.7702894150981583,0.7467722689041905,0.021513943594043905,87,0.7676290699766145,0.7635141212448282,0.7648857708220903,0.7676740420939018,0.7637442942909181,0.7626649877453736,0.7637218087378859,0.7657904796168462,0.7670946416927125,0.760304004676995,0.7647023220898166,0.0022610811250095503
65.4112734079361,2.7183994852099076,0.33679163455963135,0.008801840771931925,5,auto,1000,"{'max_depth': 5, 'max_features': 'auto', 'n_estimators': 1000}",0.7223796033994334,0.7863213273978147,0.7592067988668555,0.7150951031970862,0.7460028334345274,0.7512649261283141,0.7308237198947581,0.7553126897389193,0.7334547662416515,0.7678607569317952,0.7467722525231155,0.020705897055325294,88,0.7669994603345925,0.7635141212448282,0.7638289260658392,0.7672692930383163,0.7648910574955591,0.7635868954196928,0.7645987453061408,0.7649809997076878,0.7672745261169699,0.7590448137071931,0.764598883843682,0.0023221897608191257
32.6062655210495,1.3895685151777564,0.17386989593505858,0.012363755518005816,5,auto,500,"{'max_depth': 5, 'max_features': 'auto', 'n_estimators': 500}",0.7239983812221773,0.7863213273978147,0.7600161877782274,0.7118575475515986,0.7447885043513459,0.754300748836268,0.731430884436349,0.7540983606557377,0.7308237198947581,0.7686703096539163,0.7466305971778192,0.021355420546525623,89,0.7668420579240871,0.7639188703004137,0.7627495952509444,0.7680563050908437,0.7643064331167225,0.7636768376318216,0.7634070109954354,0.7650709419198165,0.7667348728441976,0.7600116924875767,0.7644774617561859,0.002211432002713444
13.145625686645507,0.8421547976667765,0.07189028263092041,0.0071322552136725325,5,auto,200,"{'max_depth': 5, 'max_features': 'auto', 'n_estimators': 200}",0.7219749089437475,0.7865236746256576,0.7585997571833266,0.7122622420072845,0.7455980570734669,0.748836267961951,0.7318356607974095,0.755110301558389,0.7336571544221817,0.7702894150981583,0.7464687439671572,0.021326790166786177,90,0.7668870300413744,0.7641437308868502,0.7636940097139774,0.7672018348623854,0.7652508263440739,0.7618555078362153,0.7647786297303982,0.7648460863894947,0.765385739662267,0.7588874148359679,0.7642930810303004,0.002310548717420009
6.698258543014527,0.30714504830965955,0.035902976989746094,0.001981670274280369,5,log2,100,"{'max_depth': 5, 'max_features': 'log2', 'n_estimators': 100}",0.7201537838931606,0.7840955078915419,0.7618373128288143,0.7148927559692432,0.7447885043513459,0.7532888079336166,0.7306213317142279,0.7522768670309654,0.734669095324833,0.7654320987654321,0.746205606570318,0.020429992121194014,91,0.7630419140133118,0.7644585357078612,0.7654928944054686,0.7690906637884511,0.7651608841319453,0.7634519821014998,0.7635644098666606,0.7653407685562026,0.7658129651698784,0.7589548714950645,0.7644369889236344,0.0024441301332244238
13.685383439064026,0.6585857057892858,0.07731399536132813,0.0070659087337706815,5,sqrt,200,"{'max_depth': 5, 'max_features': 'sqrt', 'n_estimators': 200}",0.7219749089437475,0.7857142857142857,0.7579927154997976,0.7134763253743424,0.7435741752681644,0.7478243270592997,0.7290022262699858,0.7603723942521756,0.7326452135195305,0.7690750860149768,0.7461651657916306,0.021380561425247333,92,0.7690456916711639,0.7637614678899083,0.7623223601367153,0.7672018348623854,0.7627324444044701,0.7637667798439502,0.7627999010635667,0.7670271850336159,0.7674993816472916,0.7593146403435792,0.7645471686896645,0.0028644655835375755
6.928007006645203,0.36016811718389474,0.03974926471710205,0.0059766748059642385,5,sqrt,100,"{'max_depth': 5, 'max_features': 'sqrt', 'n_estimators': 100}",0.7199514366653177,0.7851072440307568,0.7616349656009712,0.7098340752731688,0.7478243270592997,0.7524792552114956,0.725966403562032,0.7518720906699049,0.734669095324833,0.7634082169601295,0.745274711035791,0.02160472350722188,93,0.7664822809857889,0.761715236553337,0.7656502968159741,0.7642561611800683,0.7630472421469207,0.761450767881636,0.7663751039956828,0.764756144177366,0.7666449306320688,0.7584601893283566,0.7638838353697199,0.0025561765211074483
0.6964498519897461,0.038137374313551096,0.005245375633239746,0.0025312087949934145,5,log2,10,"{'max_depth': 5, 'max_features': 'log2', 'n_estimators': 10}",0.7124645892351275,0.7707405908539053,0.7466612707405909,0.7326993120194253,0.7296093908115766,0.7368953653106659,0.7373001416717264,0.7476219388787695,0.7397287998380895,0.7729204614450516,0.7426641860804928,0.017310960414141863,94,0.7644810217665048,0.7539125742039935,0.7524284943335132,0.7620750134916352,0.7548625008432083,0.7492186270321318,0.7628898432756953,0.7523890900096688,0.7585726170935174,0.7567962584039755,0.7567626040453843,0.004849461724206145
8.338585901260377,0.26043271959758113,0.05629208087921143,0.0037790315920177573,3,sqrt,200,"{'max_depth': 3, 'max_features': 'sqrt', 'n_estimators': 200}",0.707608255766896,0.7814649939295831,0.7434237150951032,0.708417644678268,0.7451932807124064,0.7466099979761182,0.7281926735478648,0.7474195506982392,0.7190852054240032,0.7514673143088444,0.7378882632137326,0.0213709998459271,95,0.7501349163518618,0.7444009713977334,0.7476614499010613,0.7536877136175572,0.7510624423807704,0.7479819216153621,0.746183077372788,0.7498931936230971,0.751399725676253,0.7464529040091741,0.7488858315945659,0.0026896935086520453
21.185308122634886,0.9442306144989077,0.19077143669128419,0.1546428747688654,3,auto,500,"{'max_depth': 3, 'max_features': 'auto', 'n_estimators': 500}",0.7080129502225819,0.7820720356131121,0.745649534601376,0.708417644678268,0.7391216352964987,0.742562234365513,0.7255616272009715,0.746407609795588,0.72434729811779,0.7508601497672536,0.7373012719658952,0.02090351449877886,96,0.7517089404569167,0.7439287641662169,0.7489206691851052,0.7533729087965462,0.7497582803049041,0.7480044071683943,0.7456434241000157,0.7520742922672183,0.7536932520855351,0.7462280484788524,0.7493332987009704,0.0032104195202362277
133.35333542823793,5.419159510839304,0.8500524759292603,0.06769265449455801,3,auto,3000,"{'max_depth': 3, 'max_features': 'auto', 'n_estimators': 3000}",0.708417644678268,0.7810602994738972,0.7460542290570619,0.707810602994739,0.7395264116575592,0.7421574580044525,0.7279902853673346,0.7439789516292249,0.7209066990487756,0.7536935842946771,0.7371596166205989,0.020958385330951578,97,0.7516639683396295,0.743861305990286,0.7489431552437489,0.7541824069077172,0.7502754480246442,0.7494209970094214,0.7465428462213028,0.7513772401232208,0.7521867200323792,0.7460931351606592,0.749454722305301,0.003006554199980349
22.388890433311463,1.6834033597550033,0.139013934135437,0.005639087217421602,3,sqrt,500,"{'max_depth': 3, 'max_features': 'sqrt', 'n_estimators': 500}",0.7096317280453258,0.7812626467017402,0.7484823957911777,0.7059894779441521,0.741752681643392,0.7395264116575592,0.7285974499089253,0.7397287998380895,0.7219186399514268,0.754300748836268,0.7371190980318056,0.021060255262375975,98,0.7507195538765965,0.7451430113329736,0.7488082388918871,0.7520012592192841,0.7502079913655476,0.750387875789805,0.7466103028803993,0.7478470082971691,0.7526364310930227,0.7474422683425899,0.7491803941089274,0.0022940745310220975
41.965140795707704,1.1792216520165149,0.28289954662322997,0.03432458002387165,3,auto,1000,"{'max_depth': 3, 'max_features': 'auto', 'n_estimators': 1000}",0.7080129502225819,0.7853095912585998,0.7444354512343181,0.7043707001214083,0.7381096943938474,0.7427646225460434,0.725966403562032,0.7449908925318761,0.7217162517708966,0.7534911961141469,0.736916775375575,0.022404381183998966,99,0.7506071235833783,0.7447832343946753,0.7487182946573124,0.7535752833243389,0.7506577024261911,0.7500730780473546,0.7462730195849167,0.750635216873159,0.7546376453128865,0.7454860252287905,0.7495446623433003,0.003107263373148666
88.5498678445816,6.298354634894294,0.5943080425262451,0.04888317798735216,3,sqrt,2000,"{'max_depth': 3, 'max_features': 'sqrt', 'n_estimators': 2000}",0.7098340752731688,0.78328611898017,0.7436260623229461,0.7053824362606232,0.74013357619915,0.7405383525602105,0.7275855090062741,0.7445861161708156,0.7205019226877151,0.7522768670309654,0.7367751036492038,0.021441902412551058,100,0.751753912574204,0.7443559992804462,0.7485384061881634,0.7541824069077172,0.7502079913655476,0.7497133091988397,0.7469026150698176,0.7504778180019338,0.7519393789490253,0.746317990690981,0.7494389828226675,0.002804964767195921
132.77367494106292,3.7320141006740473,0.8704198837280274,0.06919706381334523,3,sqrt,3000,"{'max_depth': 3, 'max_features': 'sqrt', 'n_estimators': 3000}",0.707810602994739,0.7814649939295831,0.7444354512343181,0.7053824362606232,0.738514470754908,0.7421574580044525,0.7285974499089253,0.7433717870876341,0.7200971463266546,0.7553126897389193,0.7367144486240758,0.021550995429241614,101,0.7522036337470768,0.7441086526353661,0.7486508364813815,0.7538001439107753,0.7502979335776764,0.7503653902367728,0.7461156207136914,0.7512872979110922,0.7534683965552132,0.746565331774335,0.749686323754338,0.003092505728562711
129.7392876148224,4.297126347732002,0.8655476093292236,0.07436587218544195,3,log2,3000,"{'max_depth': 3, 'max_features': 'log2', 'n_estimators': 3000}",0.7094293808174827,0.783083771752327,0.744637798462161,0.7055847834884662,0.7391216352964987,0.7407407407407407,0.7263711799230925,0.7437765634486946,0.7202995345071848,0.7540983606557377,0.7367143749092386,0.021626226274435868,102,0.7513491635186185,0.7442885411045153,0.7478863104874978,0.7539800323799244,0.750252962471612,0.7498032514109685,0.7464529040091741,0.7513547545701886,0.7525914599869584,0.7466103028803993,0.7494569682819857,0.002907338523583752
4.081713342666626,0.024063017844465746,0.02745530605316162,0.0009035419227841107,3,sqrt,100,"{'max_depth': 3, 'max_features': 'sqrt', 'n_estimators': 100}",0.7118575475515986,0.7774180493727236,0.7416025900445163,0.7055847834884662,0.7395264116575592,0.7395264116575592,0.7306213317142279,0.7470147743371787,0.7215138635903663,0.7512649261283141,0.736593068954251,0.019670441096315057,103,0.751753912574204,0.7407582298974635,0.7480212268393596,0.7521136895125022,0.7455984529939513,0.7523216333505722,0.7460256785015628,0.7503429046837407,0.7546376453128865,0.7446315742135677,0.748620494787981,0.004109057874395682
87.61592617034913,3.0634665514653987,0.5535181283950805,0.03236273175775893,3,log2,2000,"{'max_depth': 3, 'max_features': 'log2', 'n_estimators': 2000}",0.7080129502225819,0.7806556050182113,0.7462565762849049,0.7049777418049372,0.74013357619915,0.7403359643796802,0.7271807326452135,0.7421574580044525,0.7205019226877151,0.7557174660999798,0.7365929993346827,0.021498858267627364,104,0.7510343586976075,0.7428944054686094,0.7487407807159561,0.7544072674941537,0.7502979335776764,0.7504553324489016,0.7460031929485306,0.7508600724034807,0.7520742922672183,0.7464304184561419,0.7493198054478276,0.003193700819611234
8.675046944618225,0.3492309222173539,0.05904860496520996,0.006865935139375401,3,log2,200,"{'max_depth': 3, 'max_features': 'log2', 'n_estimators': 200}",0.7082152974504249,0.7778227438284095,0.7436260623229461,0.7055847834884662,0.7342643189637725,0.7439789516292249,0.7294070026310463,0.7474195506982392,0.7192875936045335,0.7549079133778588,0.7364514217994922,0.02092773214837446,105,0.7503372908796546,0.7423547400611621,0.7478638244288541,0.7524509803921569,0.7489263148427135,0.7497357947518719,0.7471274706001394,0.7516470667596069,0.7548175297371439,0.7463629617970454,0.7491623974250349,0.0033277925542213663
8.3097012758255,0.3581060951614231,0.056178617477416995,0.004731955894960421,3,auto,200,"{'max_depth': 3, 'max_features': 'auto', 'n_estimators': 200}",0.707405908539053,0.7806556050182113,0.7411978955888304,0.7029542695265075,0.7427646225460434,0.7419550698239222,0.7271807326452135,0.7423598461849829,0.7217162517708966,0.75591985428051,0.736411005592417,0.021747115772276206,106,0.7504272351142292,0.7440636805180788,0.7463572584997301,0.7555990286022666,0.7504553324489016,0.7490612281609066,0.7447664875317609,0.7513772401232208,0.7541654486992108,0.7476671238729117,0.7493940063571217,0.0035991271166240075
43.61069574356079,1.7357825549912607,0.2942668914794922,0.021257154386551486,3,log2,1000,"{'max_depth': 3, 'max_features': 'log2', 'n_estimators': 1000}",0.7090246863617968,0.7822743828409551,0.74524484014569,0.7043707001214083,0.7381096943938474,0.7405383525602105,0.72434729811779,0.7447885043513459,0.7215138635903663,0.7526816433920259,0.7362893965875437,0.021633826125061314,107,0.751753912574204,0.7440636805180788,0.7482685734844396,0.7533953948551898,0.7495334247745823,0.7502979335776764,0.7459807073954984,0.7513772401232208,0.7516920378656713,0.7464304184561419,0.7492793323624704,0.002856779457105609
4.1788291215896605,0.07162635295947364,0.028466439247131346,0.00170936022361091,3,log2,100,"{'max_depth': 3, 'max_features': 'log2', 'n_estimators': 100}",0.7116552003237555,0.782476730068798,0.744840145690004,0.7102387697288547,0.7375025298522566,0.7395264116575592,0.7336571544221817,0.7453956688929366,0.7136207245496863,0.7439789516292249,0.7362892286815257,0.020412409634903234,108,0.7504047490555855,0.7470318402590393,0.7459075373268573,0.7511467889908257,0.7483192049108448,0.7452161985924044,0.7453960830166618,0.7505452746610303,0.74795943606233,0.7419108222966744,0.7473837935172253,0.002745791458677332
21.541479563713075,1.0691016661587824,0.13483548164367676,0.0041330244864655205,3,log2,500,"{'max_depth': 3, 'max_features': 'log2', 'n_estimators': 500}",0.7102387697288547,0.782679077296641,0.7444354512343181,0.6962768110076892,0.7405383525602105,0.7447885043513459,0.7237401335761992,0.7474195506982392,0.7192875936045335,0.7524792552114956,0.7361883499269528,0.02328245339750656,109,0.7521136895125022,0.7440187084007915,0.7489431552437489,0.7547670444324519,0.7511074134868347,0.750005621388258,0.7452386841454366,0.7518044656308321,0.752164234479347,0.7465878173273671,0.749675083404757,0.0032635713666898424
86.70803334712983,0.8999489731584982,0.5506573677062988,0.04914537236282616,3,auto,2000,"{'max_depth': 3, 'max_features': 'auto', 'n_estimators': 2000}",0.7092270335896398,0.7814649939295831,0.7444354512343181,0.7033589639821934,0.7377049180327869,0.7407407407407407,0.7275855090062741,0.742562234365513,0.719692369965594,0.7538959724752075,0.736066818732185,0.02155425573021068,110,0.7517763986328476,0.7434565569347005,0.748560892246807,0.75463212808059,0.7498032514109685,0.7501405347064511,0.7460256785015628,0.7513772401232208,0.7532885121309558,0.7463854473500776,0.7495446640118183,0.003302368194886999
43.21939024925232,1.1870805809042049,0.28518602848052976,0.018182133810650217,3,sqrt,1000,"{'max_depth': 3, 'max_features': 'sqrt', 'n_estimators': 1000}",0.7080129502225819,0.7820720356131121,0.7438284095507891,0.7015378389316066,0.7373001416717264,0.7391216352964987,0.725156850839911,0.7447885043513459,0.7227281926735478,0.7532888079336166,0.7357835367084735,0.021990120090670185,111,0.7522036337470768,0.7430967799964022,0.7484709480122325,0.754317323259579,0.7495559103276145,0.7502304769185798,0.7466103028803993,0.751017471274706,0.7534683965552132,0.7463854473500776,0.7495356690321882,0.003304573964515078
4.288719606399536,0.18071991026653328,0.03046267032623291,0.0039401595877748205,3,auto,100,"{'max_depth': 3, 'max_features': 'auto', 'n_estimators': 100}",0.7080129502225819,0.7853095912585998,0.7428166734115743,0.7015378389316066,0.7415502934628617,0.7427646225460434,0.7279902853673346,0.7368953653106659,0.7221210281319571,0.747217162517709,0.7356215811160933,0.022152561921895315,112,0.7519787731606404,0.743613959345206,0.7489656413023925,0.7489656413023925,0.7517145234187035,0.7496008814336789,0.7445191464484069,0.7455984529939513,0.7489712859487779,0.7424729611224788,0.7476401266476629,0.003183922999265295
1.47324800491333,0.02891405282696619,0.011641240119934082,0.0012681106774500145,50,auto,10,"{'max_depth': 50, 'max_features': 'auto', 'n_estimators': 10}",0.7177256171590449,0.755362201537839,0.726426547956293,0.7290570619182517,0.7431693989071039,0.7522768670309654,0.6871078729002226,0.7405383525602105,0.7324428253390002,0.7516697024893746,0.7335776447798307,0.019430881932459617,113,0.9872728908076992,0.9872953768663428,0.9873628350422738,0.987160460514481,0.9864861826276617,0.9873631191959166,0.9870483214534661,0.9877228880444314,0.9872506914307557,0.9879477435747532,0.9872910509557784,0.0003679452607739074
1.5164359092712403,0.048243964564124865,0.012582135200500489,0.0037442101554390097,20,log2,10,"{'max_depth': 20, 'max_features': 'log2', 'n_estimators': 10}",0.7142857142857143,0.7569809793605827,0.736341562120599,0.7157021448806151,0.7375025298522566,0.7587532888079336,0.6862983201781016,0.7435741752681644,0.7296093908115766,0.7528840315725561,0.73319321371381,0.021490826082691487,114,0.9797625472207232,0.9797625472207232,0.9819436949091563,0.9784133837021047,0.9795606322937512,0.978256470217885,0.9790884356800755,0.9808198232635532,0.9800328289074269,0.9781215568996919,0.9795761920315093,0.001134793499863861
0.7267270565032959,0.03821492394313063,0.005530738830566406,0.003105562241093359,5,auto,10,"{'max_depth': 5, 'max_features': 'auto', 'n_estimators': 10}",0.7106434641845407,0.7519222986645083,0.7492917847025495,0.6938486442735734,0.7310261080752884,0.746407609795588,0.7213114754098361,0.7379073062133171,0.7202995345071848,0.7662416514875531,0.7328899877313939,0.02065592090882708,115,0.762839539485519,0.760456017269293,0.7611081129699586,0.7591293398093182,0.7583702471162278,0.7611134845861534,0.758774987070807,0.7560317496008815,0.758257819351067,0.7539855642749533,0.7590066861534178,0.0024645976665618077
1.5497750759124755,0.06919128999965916,0.011679124832153321,0.0009336417724543797,50,sqrt,10,"{'max_depth': 50, 'max_features': 'sqrt', 'n_estimators': 10}",0.7154997976527722,0.7486847430190207,0.726628895184136,0.7199514366653177,0.7429670107265736,0.755110301558389,0.6844768265533293,0.7476219388787695,0.7340619307832422,0.74802671523983,0.7323029596261381,0.020351171067623273,116,0.9877001259219284,0.9879699586256521,0.9874078071595611,0.9878350422737903,0.9876104602792706,0.987025835900434,0.9863737548625009,0.9871382636655949,0.9878802869156567,0.9868909225822409,0.987383245818663,0.0004896178859005413
0.6680936574935913,0.043450012369212476,0.004465413093566894,0.00022242991822603902,5,sqrt,10,"{'max_depth': 5, 'max_features': 'sqrt', 'n_estimators': 10}",0.7128692836908135,0.7721570214488062,0.7418049372723594,0.6930392553622016,0.7326452135195305,0.7415502934628617,0.7053228091479458,0.747217162517709,0.7257640153815017,0.7504553734061931,0.7322825365209922,0.022374530366504174,117,0.7587920489296636,0.7550143910775319,0.7515965101636986,0.7606808778557295,0.7637442942909181,0.7545027319946934,0.7640141209273043,0.7612034267982821,0.7581453915859061,0.7501630202594833,0.757785681388321,0.004586637657163099
1.7235819339752196,0.09378064219610657,0.012827801704406738,0.0023504741832540404,,log2,10,"{'max_depth': None, 'max_features': 'log2', 'n_estimators': 10}",0.7179279643868879,0.7535410764872521,0.726021853500607,0.7250101173613922,0.7443837279902854,0.7591580651689941,0.684274438372799,0.7451932807124064,0.7269783444646832,0.7395264116575592,0.7322015280102867,0.020422545703241795,118,0.9878125562151466,0.9869580859866882,0.987790070156503,0.9868231696348264,0.9882400557641715,0.9869358936883053,0.9867335237110156,0.9867335237110156,0.9866885526049514,0.9872057203246913,0.9871921151797315,0.0005264588558668462
1.527738618850708,0.07130138308256484,0.015086650848388672,0.007212741554242304,20,sqrt,10,"{'max_depth': 20, 'max_features': 'sqrt', 'n_estimators': 10}",0.7211655200323756,0.7505058680696074,0.7337110481586402,0.7227842978551194,0.7451932807124064,0.7534911961141469,0.6784051811374215,0.7460028334345274,0.7279902853673346,0.7368953653106659,0.7316144876192244,0.020713967016210776,119,0.9801672962763087,0.9790654794027703,0.9826857348443965,0.9794927145169995,0.9805050255211027,0.9805275110741348,0.9831358352258673,0.9813145054302611,0.9809997076878105,0.9796955456119443,0.9807589355591597,0.0012569331291903806
1.5057788610458374,0.08179180417830427,0.01118640899658203,0.000836593656834575,20,auto,10,"{'max_depth': 20, 'max_features': 'auto', 'n_estimators': 10}",0.7146904087414002,0.7569809793605827,0.7242007284500203,0.7219749089437475,0.7352762598664238,0.7599676178911151,0.685893543817041,0.7447885043513459,0.7275855090062741,0.7429670107265736,0.7314325471154525,0.020745645491307457,120,0.9804371289800324,0.9798749775139414,0.979402770282425,0.9798075193380105,0.9807748521574888,0.9781440424527241,0.9810446787938749,0.9814943898545184,0.9799653722483305,0.9798754300362017,0.9800821161657547,0.0008899022261573367
1.620211124420166,0.04327235386869201,0.017359662055969238,0.008678190663452703,,sqrt,10,"{'max_depth': None, 'max_features': 'sqrt', 'n_estimators': 10}",0.7130716309186564,0.7492917847025495,0.7294617563739377,0.7312828814245245,0.7435741752681644,0.7516697024893746,0.6759765229710585,0.7502529852256629,0.7231329690346083,0.7449908925318761,0.7312705300940413,0.02213362228541389,121,0.9862385321100917,0.9872279186904119,0.9873628350422738,0.98659830904839,0.9869358936883053,0.9873406336428845,0.9875654891732062,0.9866210959458548,0.9876104602792706,0.9866885526049514,0.9870189720225641,0.0004443348069283637
1.638851284980774,0.07888660056538645,0.011724591255187988,0.0007354717241784068,,auto,10,"{'max_depth': None, 'max_features': 'auto', 'n_estimators': 10}",0.7055847834884662,0.7555645487656819,0.726426547956293,0.7246054229057062,0.7364905889496054,0.7581461242663429,0.6822505565674964,0.7506577615867234,0.7255616272009715,0.7427646225460434,0.7308052584233329,0.0223802475880239,122,0.9864184205792409,0.9865758229897463,0.9866207951070336,0.9873853211009175,0.9866660670519192,0.9873406336428845,0.9873181480898523,0.9873631191959166,0.9869134081352731,0.9872057203246913,0.9869807456217476,0.00036292663205498356
1.6403703927993774,0.06743825754426587,0.01157538890838623,0.0015225250409139546,50,log2,10,"{'max_depth': 50, 'max_features': 'log2', 'n_estimators': 10}",0.7179279643868879,0.7458518818292189,0.7254148118170781,0.7213678672602185,0.7389192471159685,0.7664440396680834,0.6703096539162113,0.7433717870876341,0.7294070026310463,0.74802671523983,0.7307040970952177,0.024417971968753623,123,0.9870480302212629,0.9868231696348264,0.9869580859866882,0.9872953768663428,0.9879477435747532,0.9879027724686889,0.9860364715670182,0.987655431385335,0.9871382636655949,0.9864412115215974,0.9871246556892108,0.0005804950051406563
0.43764939308166506,0.035312648822791795,0.0037926435470581055,0.0002058023112136106,3,sqrt,10,"{'max_depth': 3, 'max_features': 'sqrt', 'n_estimators': 10}",0.6989073249696479,0.7782274382840955,0.726628895184136,0.7007284500202348,0.7184780408824125,0.6980368346488565,0.7209066990487756,0.7358834244080146,0.7152398299939283,0.7364905889496054,0.7229527526389707,0.022794481625732457,124,0.7260973196618097,0.7338550098938658,0.7326182766684656,0.7435914732865623,0.717311627279473,0.7297236525532346,0.7386729026600409,0.7442043487059564,0.746183077372788,0.7365592606750163,0.7348816948757212,0.00852253431845947
0.42067179679870603,0.031357981615325284,0.004048848152160644,0.0004592272271490555,3,auto,10,"{'max_depth': 3, 'max_features': 'auto', 'n_estimators': 10}",0.6932416025900445,0.7731687575880211,0.7213678672602185,0.7051800890327803,0.6929771301356,0.7362882007690751,0.7037037037037037,0.6990487755515078,0.7158469945355191,0.7538959724752075,0.7194719093641677,0.0257446870313508,125,0.7236688253282965,0.7280760928224501,0.732280985788811,0.7421748515920129,0.716547118476379,0.7357048096597936,0.7320396645155488,0.7254064263710566,0.7273401839318238,0.7317923234321948,0.7295031281918366,0.006661976827008369
0.4192161560058594,0.008428702591646998,0.003714132308959961,0.0001499276348935927,3,log2,10,"{'max_depth': 3, 'max_features': 'log2', 'n_estimators': 10}",0.6928369081343586,0.7351274787535411,0.7227842978551194,0.6825171995143666,0.7360858125885448,0.7168589354381704,0.7109896782027929,0.742562234365513,0.6911556365108278,0.7429670107265736,0.717388519208981,0.02128269099336895,126,0.7466495772620975,0.7079285842777477,0.7334727468969239,0.740353480841878,0.7417983945315135,0.7295437681289771,0.7348953297506352,0.7409214579632586,0.7087671171272457,0.7381107638342365,0.7322441220614514,0.01277701873205273
