mean_fit_time,std_fit_time,mean_score_time,std_score_time,param_C,param_penalty,param_solver,params,split0_test_f1,split1_test_f1,split2_test_f1,split3_test_f1,split4_test_f1,split5_test_f1,split6_test_f1,split7_test_f1,split8_test_f1,split9_test_f1,mean_test_f1,std_test_f1,rank_test_f1,split0_train_f1,split1_train_f1,split2_train_f1,split3_train_f1,split4_train_f1,split5_train_f1,split6_train_f1,split7_train_f1,split8_train_f1,split9_train_f1,mean_train_f1,std_train_f1,split0_test_roc_auc,split1_test_roc_auc,split2_test_roc_auc,split3_test_roc_auc,split4_test_roc_auc,split5_test_roc_auc,split6_test_roc_auc,split7_test_roc_auc,split8_test_roc_auc,split9_test_roc_auc,mean_test_roc_auc,std_test_roc_auc,rank_test_roc_auc,split0_train_roc_auc,split1_train_roc_auc,split2_train_roc_auc,split3_train_roc_auc,split4_train_roc_auc,split5_train_roc_auc,split6_train_roc_auc,split7_train_roc_auc,split8_train_roc_auc,split9_train_roc_auc,mean_train_roc_auc,std_train_roc_auc,split0_test_accuracy,split1_test_accuracy,split2_test_accuracy,split3_test_accuracy,split4_test_accuracy,split5_test_accuracy,split6_test_accuracy,split7_test_accuracy,split8_test_accuracy,split9_test_accuracy,mean_test_accuracy,std_test_accuracy,rank_test_accuracy,split0_train_accuracy,split1_train_accuracy,split2_train_accuracy,split3_train_accuracy,split4_train_accuracy,split5_train_accuracy,split6_train_accuracy,split7_train_accuracy,split8_train_accuracy,split9_train_accuracy,mean_train_accuracy,std_train_accuracy,split0_test_recall,split1_test_recall,split2_test_recall,split3_test_recall,split4_test_recall,split5_test_recall,split6_test_recall,split7_test_recall,split8_test_recall,split9_test_recall,mean_test_recall,std_test_recall,rank_test_recall,split0_train_recall,split1_train_recall,split2_train_recall,split3_train_recall,split4_train_recall,split5_train_recall,split6_train_recall,split7_train_recall,split8_train_recall,split9_train_recall,mean_train_recall,std_train_recall
0.07478320598602295,0.0052707081591668635,0.003514552116394043,0.0005909977568553837,0.1,none,saga,"{'C': 0.1, 'penalty': 'none', 'solver': 'saga'}",0.7963152507676561,0.78125,0.7836134453781513,0.7635206786850477,0.7530864197530864,0.7905056759545924,0.7690655209452202,0.7502634351949421,0.7641606591143151,0.7966976264189887,0.7748478712212001,0.016294668489651012,1,0.7747099767981437,0.7763752171395483,0.7743881220276071,0.7760537285780454,0.7772885283893394,0.7744848344524196,0.7767371950514511,0.7771349224716502,0.7777649102489869,0.7732281637861037,0.7758165598943294,0.0014371848937535254,0.8691425004801229,0.8718311887843287,0.8780727866333782,0.8612404775622561,0.852343059239611,0.8761357226016299,0.8657336838020251,0.8592884205304239,0.8632331937059665,0.8752675524402783,0.867228858578002,0.007906239567423581,12,0.8692173486800421,0.868730774876808,0.8681189395605297,0.8696975507422733,0.8708263278709043,0.8682892222379568,0.8694659275332689,0.870154969168227,0.869666564602889,0.868274206563618,0.8692441831836517,0.0008455245784083652,0.801,0.79,0.794,0.777,0.76,0.797,0.785,0.763,0.771,0.803,0.7841,0.014801689092802902,1,0.7842222222222223,0.7854444444444444,0.7838888888888889,0.7851111111111111,0.7864444444444444,0.7835555555555556,0.7854444444444444,0.786,0.7867777777777778,0.7827777777777778,0.7849666666666667,0.0012452874129054382,0.790650406504065,0.7621951219512195,0.758130081300813,0.7317073170731707,0.742393509127789,0.7768762677484787,0.7261663286004056,0.7221095334685599,0.7525354969574036,0.7829614604462475,0.7545725523178152,0.02282940161009772,6,0.7530446549391069,0.7559765448804691,0.7528191249436175,0.7557510148849798,0.7565982404692082,0.7545680126325287,0.757726144822919,0.7575005639521769,0.7575005639521769,0.7518610421836228,0.7553345907660806,0.0020373829139787294
0.11472275257110595,0.004045143983620463,0.0036168336868286134,0.0005821428755023292,0.001,none,sag,"{'C': 0.001, 'penalty': 'none', 'solver': 'sag'}",0.7963152507676561,0.78125,0.7836134453781513,0.7635206786850477,0.7530864197530864,0.7905056759545924,0.7690655209452202,0.7502634351949421,0.7641606591143151,0.7966976264189887,0.7748478712212001,0.016294668489651012,1,0.7747099767981437,0.7765169059749883,0.7743881220276071,0.7760537285780454,0.7772885283893394,0.7744848344524196,0.7767371950514511,0.7772764086544024,0.7776748494673461,0.7730858468677493,0.7758216396261493,0.0014710670153596167,0.8691425004801229,0.8718311887843289,0.8780807886819026,0.8612244734652071,0.852343059239611,0.8761277210333225,0.8657296830178715,0.859288420530424,0.8632211913535054,0.8752555500878172,0.8672244576674114,0.0079071128384847,25,0.8692158668798089,0.8687315651702658,0.868118149267072,0.869698834969142,0.8708289951288462,0.8682909016225868,0.8694672117685742,0.8701556112858797,0.8696668609648825,0.8682748980749362,0.8692448895131994,0.0008460036867105697,0.801,0.79,0.794,0.777,0.76,0.797,0.785,0.763,0.771,0.803,0.7841,0.014801689092802902,1,0.7842222222222223,0.7855555555555556,0.7838888888888889,0.7851111111111111,0.7864444444444444,0.7835555555555556,0.7854444444444444,0.7861111111111111,0.7866666666666666,0.7826666666666666,0.7849666666666667,0.0012639835129413814,0.790650406504065,0.7621951219512195,0.758130081300813,0.7317073170731707,0.742393509127789,0.7768762677484787,0.7261663286004056,0.7221095334685599,0.7525354969574036,0.7829614604462475,0.7545725523178152,0.02282940161009772,6,0.7530446549391069,0.7562020748759585,0.7528191249436175,0.7557510148849798,0.7565982404692082,0.7545680126325287,0.757726144822919,0.757726144822919,0.7575005639521769,0.7516354613128806,0.7553571437656295,0.0021092827814325316
0.11573977470397949,0.008039126890531675,0.003606081008911133,0.00043922991048662833,0.1,none,sag,"{'C': 0.1, 'penalty': 'none', 'solver': 'sag'}",0.7963152507676561,0.78125,0.7836134453781513,0.7635206786850477,0.7530864197530864,0.7905056759545924,0.7690655209452202,0.7502634351949421,0.7641606591143151,0.7966976264189887,0.7748478712212001,0.016294668489651012,1,0.7747099767981437,0.7763752171395483,0.7743881220276071,0.7760537285780454,0.7772885283893394,0.7744848344524196,0.7767371950514511,0.7771349224716502,0.7777649102489869,0.7732281637861037,0.7758165598943294,0.0014371848937535254,0.8691545035529096,0.8718351898085911,0.8780767876576403,0.8612244734652073,0.8523430592396108,0.8761397233857836,0.8657256822337178,0.8592684166096555,0.8632291929218128,0.875271553224432,0.867226858209936,0.007911747805738154,20,0.8692157186997855,0.8687318121369714,0.8681173589736142,0.8696984892157542,0.8708259327215797,0.8682906052605933,0.8694661251079312,0.870156648552857,0.869665724910574,0.8682751450432642,0.8692443560622923,0.0008455345562112301,0.801,0.79,0.794,0.777,0.76,0.797,0.785,0.763,0.771,0.803,0.7841,0.014801689092802902,1,0.7842222222222223,0.7854444444444444,0.7838888888888889,0.7851111111111111,0.7864444444444444,0.7835555555555556,0.7854444444444444,0.786,0.7867777777777778,0.7827777777777778,0.7849666666666667,0.0012452874129054382,0.790650406504065,0.7621951219512195,0.758130081300813,0.7317073170731707,0.742393509127789,0.7768762677484787,0.7261663286004056,0.7221095334685599,0.7525354969574036,0.7829614604462475,0.7545725523178152,0.02282940161009772,6,0.7530446549391069,0.7559765448804691,0.7528191249436175,0.7557510148849798,0.7565982404692082,0.7545680126325287,0.757726144822919,0.7575005639521769,0.7575005639521769,0.7518610421836228,0.7553345907660806,0.0020373829139787294
0.07538542747497559,0.009873100669229088,0.003751683235168457,0.0007559107733839378,0.001,none,newton-cg,"{'C': 0.001, 'penalty': 'none', 'solver': 'newton-cg'}",0.7963152507676561,0.78125,0.7836134453781513,0.7635206786850477,0.7530864197530864,0.7905056759545924,0.7690655209452202,0.7502634351949421,0.7641606591143151,0.7966976264189887,0.7748478712212001,0.016294668489651012,1,0.7747099767981437,0.7763752171395483,0.7743881220276071,0.7760537285780454,0.7772885283893394,0.7744848344524196,0.7767371950514511,0.7772764086544024,0.7777649102489869,0.7732281637861037,0.7758307085126048,0.001450726744474958,0.8691425004801229,0.8718351898085909,0.8780767876576403,0.8612244734652071,0.8523470600237646,0.8761397233857836,0.8657336838020252,0.8592924213145776,0.8632331937059664,0.8752635516561247,0.8672288585299803,0.007907124465586522,13,0.8692163114198788,0.8687315157769246,0.8681179023003665,0.8696984398224132,0.8708254387849237,0.8682897161746126,0.8694666190445871,0.8701555124985485,0.8696672561142074,0.8682743053509492,0.8692443017287411,0.0008455466505033621,0.801,0.79,0.794,0.777,0.76,0.797,0.785,0.763,0.771,0.803,0.7841,0.014801689092802902,1,0.7842222222222223,0.7854444444444444,0.7838888888888889,0.7851111111111111,0.7864444444444444,0.7835555555555556,0.7854444444444444,0.7861111111111111,0.7867777777777778,0.7827777777777778,0.7849777777777777,0.0012549162580884762,0.790650406504065,0.7621951219512195,0.758130081300813,0.7317073170731707,0.742393509127789,0.7768762677484787,0.7261663286004056,0.7221095334685599,0.7525354969574036,0.7829614604462475,0.7545725523178152,0.02282940161009772,6,0.7530446549391069,0.7559765448804691,0.7528191249436175,0.7557510148849798,0.7565982404692082,0.7545680126325287,0.757726144822919,0.757726144822919,0.7575005639521769,0.7518610421836228,0.7553571488531547,0.0020623359006886376
0.07369532585144042,0.005513078110494147,0.0035002708435058595,0.0005590285466998069,1.0,none,newton-cg,"{'C': 1.0, 'penalty': 'none', 'solver': 'newton-cg'}",0.7963152507676561,0.78125,0.7836134453781513,0.7635206786850477,0.7530864197530864,0.7905056759545924,0.7690655209452202,0.7502634351949421,0.7641606591143151,0.7966976264189887,0.7748478712212001,0.016294668489651012,1,0.7747099767981437,0.7763752171395483,0.7743881220276071,0.7760537285780454,0.7772885283893394,0.7744848344524196,0.7767371950514511,0.7772764086544024,0.7777649102489869,0.7732281637861037,0.7758307085126048,0.001450726744474958,0.8691425004801229,0.8718351898085909,0.8780767876576403,0.8612244734652071,0.8523470600237646,0.8761397233857836,0.8657336838020252,0.8592924213145776,0.8632331937059664,0.8752635516561247,0.8672288585299803,0.007907124465586522,13,0.8692163114198788,0.8687315157769246,0.8681179023003665,0.8696984398224132,0.8708254387849237,0.8682897161746126,0.8694666190445871,0.8701555124985485,0.8696672561142074,0.8682743053509492,0.8692443017287411,0.0008455466505033621,0.801,0.79,0.794,0.777,0.76,0.797,0.785,0.763,0.771,0.803,0.7841,0.014801689092802902,1,0.7842222222222223,0.7854444444444444,0.7838888888888889,0.7851111111111111,0.7864444444444444,0.7835555555555556,0.7854444444444444,0.7861111111111111,0.7867777777777778,0.7827777777777778,0.7849777777777777,0.0012549162580884762,0.790650406504065,0.7621951219512195,0.758130081300813,0.7317073170731707,0.742393509127789,0.7768762677484787,0.7261663286004056,0.7221095334685599,0.7525354969574036,0.7829614604462475,0.7545725523178152,0.02282940161009772,6,0.7530446549391069,0.7559765448804691,0.7528191249436175,0.7557510148849798,0.7565982404692082,0.7545680126325287,0.757726144822919,0.757726144822919,0.7575005639521769,0.7518610421836228,0.7553571488531547,0.0020623359006886376
0.11801335811614991,0.01197026288030422,0.0034420013427734373,0.0002683380888206466,1.0,none,sag,"{'C': 1.0, 'penalty': 'none', 'solver': 'sag'}",0.7963152507676561,0.78125,0.7836134453781513,0.7635206786850477,0.7530864197530864,0.7905056759545924,0.7690655209452202,0.7502634351949421,0.7641606591143151,0.7966976264189887,0.7748478712212001,0.016294668489651012,1,0.7747998607727113,0.7763752171395483,0.7743881220276071,0.7760537285780454,0.7772885283893394,0.7744848344524196,0.7767371950514511,0.7772764086544024,0.7777649102489869,0.7732281637861037,0.7758396969100615,0.001444018020853798,0.8691585045771717,0.8718271877600666,0.8780847897061648,0.8612444785865182,0.8523190545346888,0.8761317218174762,0.8657176806654104,0.8592804189621165,0.8632371944901202,0.8752675524402783,0.8672268583540012,0.007912715919109003,19,0.8692169535333132,0.868733046970499,0.8681185938071421,0.8696978471023199,0.8708254881785893,0.8682898643556096,0.8694664708635904,0.8701561546162011,0.869667404295204,0.8682733668713031,0.8692445190593772,0.0008455008569088472,0.801,0.79,0.794,0.777,0.76,0.797,0.785,0.763,0.771,0.803,0.7841,0.014801689092802902,1,0.7843333333333333,0.7854444444444444,0.7838888888888889,0.7851111111111111,0.7864444444444444,0.7835555555555556,0.7854444444444444,0.7861111111111111,0.7867777777777778,0.7827777777777778,0.7849888888888888,0.001248653595866008,0.790650406504065,0.7621951219512195,0.758130081300813,0.7317073170731707,0.742393509127789,0.7768762677484787,0.7261663286004056,0.7221095334685599,0.7525354969574036,0.7829614604462475,0.7545725523178152,0.02282940161009772,6,0.7530446549391069,0.7559765448804691,0.7528191249436175,0.7557510148849798,0.7565982404692082,0.7545680126325287,0.757726144822919,0.757726144822919,0.7575005639521769,0.7518610421836228,0.7553571488531547,0.0020623359006886376
0.0741034746170044,0.007964336566368038,0.003400158882141113,0.00029987329446302897,0.001,none,saga,"{'C': 0.001, 'penalty': 'none', 'solver': 'saga'}",0.7963152507676561,0.78125,0.7836134453781513,0.7635206786850477,0.7530864197530864,0.7905056759545924,0.7690655209452202,0.7502634351949421,0.7641606591143151,0.7966976264189887,0.7748478712212001,0.016294668489651012,1,0.7747099767981437,0.7763752171395483,0.7745302713987474,0.7760537285780454,0.7772885283893394,0.7744848344524196,0.7767371950514511,0.7772764086544024,0.7777649102489869,0.7732281637861037,0.7758449234497188,0.0014371548680423153,0.8691505025286473,0.8718391908328532,0.8780807886819026,0.861224473465207,0.8523470600237647,0.8761397233857836,0.8657216814495641,0.859288420530424,0.8632451960584275,0.8752635516561247,0.86723005886127,0.007908124500625538,8,0.8692163114198789,0.8687304291234204,0.8681178035136843,0.8696995758692587,0.8708253399975926,0.8682893210252882,0.8694655817776099,0.8701556606795452,0.8696666633902203,0.8682752438305954,0.8692441930627094,0.0008455645390613854,0.801,0.79,0.794,0.777,0.76,0.797,0.785,0.763,0.771,0.803,0.7841,0.014801689092802902,1,0.7842222222222223,0.7854444444444444,0.784,0.7851111111111111,0.7864444444444444,0.7835555555555556,0.7854444444444444,0.7861111111111111,0.7867777777777778,0.7827777777777778,0.7849888888888888,0.0012456839065596392,0.790650406504065,0.7621951219512195,0.758130081300813,0.7317073170731707,0.742393509127789,0.7768762677484787,0.7261663286004056,0.7221095334685599,0.7525354969574036,0.7829614604462475,0.7545725523178152,0.02282940161009772,6,0.7530446549391069,0.7559765448804691,0.7530446549391069,0.7557510148849798,0.7565982404692082,0.7545680126325287,0.757726144822919,0.757726144822919,0.7575005639521769,0.7518610421836228,0.7553797018527038,0.002035516397181096
0.07385413646697998,0.005890420984004083,0.003371429443359375,0.00018598821708737585,1.0,none,saga,"{'C': 1.0, 'penalty': 'none', 'solver': 'saga'}",0.7963152507676561,0.78125,0.7836134453781513,0.7635206786850477,0.7530864197530864,0.7905056759545924,0.7690655209452202,0.7502634351949421,0.7641606591143151,0.7966976264189887,0.7748478712212001,0.016294668489651012,1,0.7747099767981437,0.7763752171395483,0.7743881220276071,0.7760537285780454,0.7772885283893394,0.7744848344524196,0.7767371950514511,0.7772764086544024,0.7777649102489869,0.7732281637861037,0.7758307085126048,0.001450726744474958,0.8691665066256962,0.8718271877600667,0.8780767876576403,0.8612244734652071,0.852343059239611,0.8761317218174762,0.8657336838020252,0.8592884205304239,0.8632331937059664,0.8752595508719709,0.8672284585476084,0.007907090310692881,18,0.8692156199131031,0.868730231550056,0.8681174083669554,0.8696989337558241,0.8708256363595861,0.8682902595049342,0.8694655817776098,0.8701544752315711,0.869667058539545,0.8682744041382804,0.8692439609137464,0.0008455347221941282,0.801,0.79,0.794,0.777,0.76,0.797,0.785,0.763,0.771,0.803,0.7841,0.014801689092802902,1,0.7842222222222223,0.7854444444444444,0.7838888888888889,0.7851111111111111,0.7864444444444444,0.7835555555555556,0.7854444444444444,0.7861111111111111,0.7867777777777778,0.7827777777777778,0.7849777777777777,0.0012549162580884762,0.790650406504065,0.7621951219512195,0.758130081300813,0.7317073170731707,0.742393509127789,0.7768762677484787,0.7261663286004056,0.7221095334685599,0.7525354969574036,0.7829614604462475,0.7545725523178152,0.02282940161009772,6,0.7530446549391069,0.7559765448804691,0.7528191249436175,0.7557510148849798,0.7565982404692082,0.7545680126325287,0.757726144822919,0.757726144822919,0.7575005639521769,0.7518610421836228,0.7553571488531547,0.0020623359006886376
0.07260606288909913,0.008272667187461684,0.0034848451614379883,0.0004171176786430464,10.0,l2,saga,"{'C': 10.0, 'penalty': 'l2', 'solver': 'saga'}",0.7963152507676561,0.78125,0.7836134453781513,0.7635206786850477,0.7530864197530864,0.7905056759545924,0.7690655209452202,0.7502634351949421,0.7641606591143151,0.7966976264189887,0.7748478712212001,0.016294668489651012,1,0.7747998607727113,0.7763752171395483,0.7740139211136892,0.7760917409938607,0.7772885283893394,0.7740590619571511,0.7768270120259019,0.7774563129267447,0.7778549918925179,0.7731384829505915,0.7757905130162056,0.001579772664935164,0.869182510722745,0.8718271877600665,0.8781047948274758,0.861204468343896,0.8523590623762257,0.8761477249540909,0.8657296830178716,0.8592724173938093,0.8632051882168906,0.8752635516561248,0.8672296589269196,0.007915152334529838,10,0.8692125575259547,0.8687318615303126,0.8681182480537543,0.8696959701553579,0.8708228703143132,0.8682926797945479,0.8694673599495711,0.8701530922089347,0.8696637491639505,0.8682721320296634,0.869243052072636,0.0008443788573855678,0.801,0.79,0.794,0.777,0.76,0.797,0.785,0.763,0.771,0.803,0.7841,0.014801689092802902,1,0.7843333333333333,0.7854444444444444,0.7835555555555556,0.7852222222222223,0.7864444444444444,0.7832222222222223,0.7855555555555556,0.7863333333333333,0.7868888888888889,0.7826666666666666,0.7849666666666667,0.0013824740749472338,0.790650406504065,0.7621951219512195,0.758130081300813,0.7317073170731707,0.742393509127789,0.7768762677484787,0.7261663286004056,0.7221095334685599,0.7525354969574036,0.7829614604462475,0.7545725523178152,0.02282940161009772,6,0.7530446549391069,0.7559765448804691,0.7523680649526387,0.7555254848894903,0.7565982404692082,0.7538912700203023,0.757726144822919,0.757726144822919,0.7575005639521769,0.7518610421836228,0.7552218155932853,0.002150383019542537
0.09111170768737793,0.009593514894922767,0.003783130645751953,0.000655701680399256,10.0,none,newton-cg,"{'C': 10.0, 'penalty': 'none', 'solver': 'newton-cg'}",0.7963152507676561,0.78125,0.7836134453781513,0.7635206786850477,0.7530864197530864,0.7905056759545924,0.7690655209452202,0.7502634351949421,0.7641606591143151,0.7966976264189887,0.7748478712212001,0.016294668489651012,1,0.7747099767981437,0.7763752171395483,0.7743881220276071,0.7760537285780454,0.7772885283893394,0.7744848344524196,0.7767371950514511,0.7772764086544024,0.7777649102489869,0.7732281637861037,0.7758307085126048,0.001450726744474958,0.8691425004801229,0.8718351898085909,0.8780767876576403,0.8612244734652071,0.8523470600237646,0.8761397233857836,0.8657336838020252,0.8592924213145776,0.8632331937059664,0.8752635516561247,0.8672288585299803,0.007907124465586522,13,0.8692163114198788,0.8687315157769246,0.8681179023003665,0.8696984398224132,0.8708254387849237,0.8682897161746126,0.8694666190445871,0.8701555124985485,0.8696672561142074,0.8682743053509492,0.8692443017287411,0.0008455466505033621,0.801,0.79,0.794,0.777,0.76,0.797,0.785,0.763,0.771,0.803,0.7841,0.014801689092802902,1,0.7842222222222223,0.7854444444444444,0.7838888888888889,0.7851111111111111,0.7864444444444444,0.7835555555555556,0.7854444444444444,0.7861111111111111,0.7867777777777778,0.7827777777777778,0.7849777777777777,0.0012549162580884762,0.790650406504065,0.7621951219512195,0.758130081300813,0.7317073170731707,0.742393509127789,0.7768762677484787,0.7261663286004056,0.7221095334685599,0.7525354969574036,0.7829614604462475,0.7545725523178152,0.02282940161009772,6,0.7530446549391069,0.7559765448804691,0.7528191249436175,0.7557510148849798,0.7565982404692082,0.7545680126325287,0.757726144822919,0.757726144822919,0.7575005639521769,0.7518610421836228,0.7553571488531547,0.0020623359006886376
0.07551865577697754,0.0056828770911092905,0.0034228801727294923,0.00037278945136330307,0.1,none,newton-cg,"{'C': 0.1, 'penalty': 'none', 'solver': 'newton-cg'}",0.7963152507676561,0.78125,0.7836134453781513,0.7635206786850477,0.7530864197530864,0.7905056759545924,0.7690655209452202,0.7502634351949421,0.7641606591143151,0.7966976264189887,0.7748478712212001,0.016294668489651012,1,0.7747099767981437,0.7763752171395483,0.7743881220276071,0.7760537285780454,0.7772885283893394,0.7744848344524196,0.7767371950514511,0.7772764086544024,0.7777649102489869,0.7732281637861037,0.7758307085126048,0.001450726744474958,0.8691425004801229,0.8718351898085909,0.8780767876576403,0.8612244734652071,0.8523470600237646,0.8761397233857836,0.8657336838020252,0.8592924213145776,0.8632331937059664,0.8752635516561247,0.8672288585299803,0.007907124465586522,13,0.8692163114198788,0.8687315157769246,0.8681179023003665,0.8696984398224132,0.8708254387849237,0.8682897161746126,0.8694666190445871,0.8701555124985485,0.8696672561142074,0.8682743053509492,0.8692443017287411,0.0008455466505033621,0.801,0.79,0.794,0.777,0.76,0.797,0.785,0.763,0.771,0.803,0.7841,0.014801689092802902,1,0.7842222222222223,0.7854444444444444,0.7838888888888889,0.7851111111111111,0.7864444444444444,0.7835555555555556,0.7854444444444444,0.7861111111111111,0.7867777777777778,0.7827777777777778,0.7849777777777777,0.0012549162580884762,0.790650406504065,0.7621951219512195,0.758130081300813,0.7317073170731707,0.742393509127789,0.7768762677484787,0.7261663286004056,0.7221095334685599,0.7525354969574036,0.7829614604462475,0.7545725523178152,0.02282940161009772,6,0.7530446549391069,0.7559765448804691,0.7528191249436175,0.7557510148849798,0.7565982404692082,0.7545680126325287,0.757726144822919,0.757726144822919,0.7575005639521769,0.7518610421836228,0.7553571488531547,0.0020623359006886376
0.09974157810211182,0.005299136536381085,0.003383636474609375,0.0003217569452113962,10.0,l1,saga,"{'C': 10.0, 'penalty': 'l1', 'solver': 'saga'}",0.7963152507676561,0.78125,0.7836134453781513,0.7635206786850477,0.7518022657054584,0.7913223140495868,0.7690655209452202,0.7502634351949421,0.7641606591143151,0.7966976264189887,0.7748011196259367,0.01654968258240778,12,0.7747998607727113,0.7765169059749883,0.774582560296846,0.7760917409938607,0.7772885283893394,0.7743429431515573,0.7768270120259019,0.7773148148148148,0.7779450944051896,0.772996172137803,0.7758705632963012,0.0015225880217380268,0.8691705076499584,0.8718191857115423,0.8780607835605915,0.8612404775622559,0.8524110725702237,0.8761157186808614,0.8657456861544863,0.8592964220987314,0.8632211913535053,0.8752435477353561,0.8672324593077512,0.007886668074314715,6,0.8692161632398554,0.8687316145636068,0.8681173095802732,0.8697016503895851,0.8708239569749561,0.8682938652425223,0.8694634084563239,0.8701540800822465,0.8696596494897066,0.8682703044640364,0.8692432002483113,0.0008448926516157931,0.801,0.79,0.794,0.777,0.759,0.798,0.785,0.763,0.771,0.803,0.7841,0.015056227947264892,1,0.7843333333333333,0.7855555555555556,0.784,0.7852222222222223,0.7864444444444444,0.7834444444444445,0.7855555555555556,0.7862222222222223,0.787,0.7825555555555556,0.7850333333333334,0.0013444444444444396,0.790650406504065,0.7621951219512195,0.758130081300813,0.7317073170731707,0.7403651115618661,0.7768762677484787,0.7261663286004056,0.7221095334685599,0.7525354969574036,0.7829614604462475,0.7543697125612229,0.022945427908173905,20,0.7530446549391069,0.7562020748759585,0.7532701849345963,0.7555254848894903,0.7565982404692082,0.7543424317617866,0.757726144822919,0.7575005639521769,0.7575005639521769,0.7516354613128806,0.7553345805910301,0.0020411199386865093
0.20438580513000487,0.056926356612956384,0.0033471345901489257,0.0007517274163802848,10.0,l1,liblinear,"{'C': 10.0, 'penalty': 'l1', 'solver': 'liblinear'}",0.7963152507676561,0.78125,0.7836134453781513,0.7635206786850477,0.7518022657054584,0.7913223140495868,0.7690655209452202,0.7502634351949421,0.7641606591143151,0.7966976264189887,0.7748011196259367,0.01654968258240778,12,0.7748897656068694,0.7765169059749883,0.774582560296846,0.7757561710511068,0.7772885283893394,0.7739694302918018,0.7766855556840523,0.7774563129267447,0.777533294730747,0.7728168850747998,0.7757495410027296,0.00154268172397359,0.8692025158440562,0.8718551949299022,0.8780687856091158,0.8612564816593048,0.8524510804117607,0.876095714760093,0.8657336838020251,0.8592804189621166,0.8632411952742738,0.8752435477353562,0.8672428618988004,0.007880504178980023,1,0.8692121623792259,0.8687281076363883,0.8681174083669554,0.8697039224832761,0.8708265254455667,0.8683002370253832,0.8694639023929798,0.8701549197745614,0.8696596988833722,0.8682690202287312,0.869243590461644,0.0008452510064028885,0.801,0.79,0.794,0.777,0.759,0.798,0.785,0.763,0.771,0.803,0.7841,0.015056227947264892,1,0.7844444444444445,0.7855555555555556,0.784,0.785,0.7864444444444444,0.7831111111111111,0.7854444444444444,0.7863333333333333,0.7865555555555556,0.7823333333333333,0.7849222222222222,0.0013681112509813336,0.790650406504065,0.7621951219512195,0.758130081300813,0.7317073170731707,0.7403651115618661,0.7768762677484787,0.7261663286004056,0.7221095334685599,0.7525354969574036,0.7829614604462475,0.7543697125612229,0.022945427908173905,20,0.7530446549391069,0.7562020748759585,0.7532701849345963,0.7548488949030221,0.7565982404692082,0.7538912700203023,0.7575005639521769,0.757726144822919,0.7572749830814347,0.7516354613128806,0.7551992473311605,0.002045738626348467
0.07617719173431396,0.006478022534735181,0.0032980680465698243,0.00031020330543770247,10.0,l2,lbfgs,"{'C': 10.0, 'penalty': 'l2', 'solver': 'lbfgs'}",0.7963152507676561,0.78125,0.7836134453781513,0.7635206786850477,0.7518022657054584,0.7905056759545924,0.7690655209452202,0.7502634351949421,0.7641606591143151,0.7966976264189887,0.7747194558164373,0.016469779811225684,14,0.7747099767981437,0.7765169059749883,0.7742983066573881,0.7762334954829743,0.7772885283893394,0.7743429431515573,0.7768270120259019,0.7774563129267447,0.7778549918925179,0.7731384829505915,0.7758666956250148,0.0015344101551840808,0.8691745086742205,0.8718271877600665,0.8780927917546891,0.8612204724409449,0.852355061592072,0.8761397233857837,0.8657376845861788,0.8592524134730406,0.8632171905693516,0.8752675524402784,0.8672284586676626,0.007913599914162755,17,0.8692118660191792,0.8687312194168779,0.8681186925938242,0.8696972543822266,0.8708223269839918,0.8682919882832297,0.8694653842029476,0.8701544752315711,0.8696642924942719,0.8682730705093094,0.8692430570117429,0.0008444224219430186,0.801,0.79,0.794,0.777,0.759,0.797,0.785,0.763,0.771,0.803,0.784,0.014966629547095779,14,0.7842222222222223,0.7855555555555556,0.7837777777777778,0.7853333333333333,0.7864444444444444,0.7834444444444445,0.7855555555555556,0.7863333333333333,0.7868888888888889,0.7826666666666666,0.7850222222222223,0.0013460504640806815,0.790650406504065,0.7621951219512195,0.758130081300813,0.7317073170731707,0.7403651115618661,0.7768762677484787,0.7261663286004056,0.7221095334685599,0.7525354969574036,0.7829614604462475,0.7543697125612229,0.022945427908173905,20,0.7530446549391069,0.7562020748759585,0.7528191249436175,0.7557510148849798,0.7565982404692082,0.7543424317617866,0.757726144822919,0.757726144822919,0.7575005639521769,0.7518610421836228,0.7553571437656295,0.0020801311741955636
0.06751472949981689,0.011665066219184611,0.0035815000534057616,0.00022365760730229698,10.0,l2,liblinear,"{'C': 10.0, 'penalty': 'l2', 'solver': 'liblinear'}",0.7963152507676561,0.78125,0.7836134453781513,0.7635206786850477,0.7518022657054584,0.7905056759545924,0.7690655209452202,0.7502634351949421,0.7641606591143151,0.7966976264189887,0.7747194558164373,0.016469779811225684,14,0.7747099767981437,0.7765169059749883,0.7741561303793064,0.7762334954829743,0.7772885283893394,0.7743429431515573,0.7767371950514511,0.7773663503818561,0.7778549918925179,0.7731384829505915,0.7758345000452727,0.0015348489202913153,0.8691865117470071,0.8718311887843287,0.8780927917546892,0.8612204724409449,0.8523710647286868,0.8761397233857836,0.8657296830178716,0.8592804189621167,0.8632091890010442,0.875259550871971,0.8672320594694444,0.007908046702237779,7,0.8692133972127536,0.8687308736634902,0.8681131605396203,0.8696952786485824,0.8708218330473357,0.8682952976588242,0.8694669648002463,0.8701511658559766,0.8696620697793205,0.8682718850613353,0.8692421926267485,0.0008443162351759409,0.801,0.79,0.794,0.777,0.759,0.797,0.785,0.763,0.771,0.803,0.784,0.014966629547095779,14,0.7842222222222223,0.7855555555555556,0.7836666666666666,0.7853333333333333,0.7864444444444444,0.7834444444444445,0.7854444444444444,0.7862222222222223,0.7868888888888889,0.7826666666666666,0.7849888888888888,0.0013420548092798223,0.790650406504065,0.7621951219512195,0.758130081300813,0.7317073170731707,0.7403651115618661,0.7768762677484787,0.7261663286004056,0.7221095334685599,0.7525354969574036,0.7829614604462475,0.7543697125612229,0.022945427908173905,20,0.7530446549391069,0.7562020748759585,0.752593594948128,0.7557510148849798,0.7565982404692082,0.7543424317617866,0.757726144822919,0.757726144822919,0.7575005639521769,0.7518610421836228,0.7553345907660806,0.0021085547933725104
0.07400522232055665,0.0077049156084057135,0.0032856941223144533,0.0002623612210218295,1.0,none,lbfgs,"{'C': 1.0, 'penalty': 'none', 'solver': 'lbfgs'}",0.7963152507676561,0.78125,0.7836134453781513,0.7635206786850477,0.7518022657054584,0.7905056759545924,0.7690655209452202,0.7502634351949421,0.7641606591143151,0.7966976264189887,0.7747194558164373,0.016469779811225684,14,0.7747099767981437,0.7763752171395483,0.7745302713987474,0.7760537285780454,0.7772885283893394,0.7744848344524196,0.7767371950514511,0.7774563129267447,0.7777649102489869,0.7730858468677493,0.7758486821851175,0.0014821099308064344,0.8691505025286473,0.8718311887843286,0.8780847897061648,0.8612244734652071,0.8523510608079182,0.8761397233857835,0.8657176806654105,0.8592724173938093,0.8632211913535054,0.8752515493036636,0.8672244577394439,0.007909132711887533,21,0.8692161632398554,0.8687307254834669,0.8681179516937076,0.8696996252625997,0.8708292914908397,0.8682893210252881,0.8694690887278667,0.8701563027971978,0.869669083679834,0.8682738114142932,0.8692451364814948,0.000846715789284035,0.801,0.79,0.794,0.777,0.759,0.797,0.785,0.763,0.771,0.803,0.784,0.014966629547095779,14,0.7842222222222223,0.7854444444444444,0.784,0.7851111111111111,0.7864444444444444,0.7835555555555556,0.7854444444444444,0.7863333333333333,0.7867777777777778,0.7826666666666666,0.7849999999999999,0.0012871635962288467,0.790650406504065,0.7621951219512195,0.758130081300813,0.7317073170731707,0.7403651115618661,0.7768762677484787,0.7261663286004056,0.7221095334685599,0.7525354969574036,0.7829614604462475,0.7543697125612229,0.022945427908173905,20,0.7530446549391069,0.7559765448804691,0.7530446549391069,0.7557510148849798,0.7565982404692082,0.7545680126325287,0.757726144822919,0.757726144822919,0.7575005639521769,0.7516354613128806,0.7553571437656295,0.002075248243277052
0.1282510757446289,0.014867379215639782,0.003646993637084961,0.0005256814817485131,10.0,l2,sag,"{'C': 10.0, 'penalty': 'l2', 'solver': 'sag'}",0.7963152507676561,0.78125,0.7836134453781513,0.7635206786850477,0.7518022657054584,0.7905056759545924,0.7690655209452202,0.7502634351949421,0.7641606591143151,0.7966976264189887,0.7747194558164373,0.016469779811225684,14,0.7747998607727113,0.7764270001157808,0.7743881220276071,0.7758081334723671,0.7772885283893394,0.7743429431515573,0.7768270120259019,0.7774563129267447,0.7778549918925179,0.7731384829505915,0.7758331387725119,0.0015106096027675056,0.8691665066256962,0.871835189808591,0.8781167979002623,0.8612124703924204,0.8523710647286867,0.8761557265223984,0.8657256822337178,0.8592684166096556,0.8632051882168904,0.8752755540085858,0.8672332597046906,0.007916609997307141,4,0.8692117672324972,0.8687312688102191,0.8681142471931245,0.8696938956350314,0.870822524558654,0.8682931737312038,0.8694674093432366,0.8701510176749798,0.8696621685666517,0.8682721814233288,0.8692419654168928,0.0008444132747198464,0.801,0.79,0.794,0.777,0.759,0.797,0.785,0.763,0.771,0.803,0.784,0.014966629547095779,14,0.7843333333333333,0.7854444444444444,0.7838888888888889,0.785,0.7864444444444444,0.7834444444444445,0.7855555555555556,0.7863333333333333,0.7868888888888889,0.7826666666666666,0.7849999999999999,0.001322175536057194,0.790650406504065,0.7621951219512195,0.758130081300813,0.7317073170731707,0.7403651115618661,0.7768762677484787,0.7261663286004056,0.7221095334685599,0.7525354969574036,0.7829614604462475,0.7543697125612229,0.022945427908173905,20,0.7530446549391069,0.7562020748759585,0.7528191249436175,0.7550744248985115,0.7565982404692082,0.7543424317617866,0.757726144822919,0.757726144822919,0.7575005639521769,0.7518610421836228,0.7552894847669827,0.0020772211032239565
0.10474302768707275,0.005652646736478485,0.003119826316833496,0.00018216518938284394,10.0,none,sag,"{'C': 10.0, 'penalty': 'none', 'solver': 'sag'}",0.7963152507676561,0.78125,0.7836134453781513,0.7635206786850477,0.7518022657054584,0.7905056759545924,0.7690655209452202,0.7502634351949421,0.7641606591143151,0.7966976264189887,0.7747194558164373,0.016469779811225684,14,0.7747099767981437,0.7763752171395483,0.7743881220276071,0.7760537285780454,0.7772885283893394,0.7744848344524196,0.7767371950514511,0.7772764086544024,0.7777649102489869,0.7732281637861037,0.7758307085126048,0.001450726744474958,0.8691505025286473,0.8718351898085911,0.8780807886819025,0.8612284744894694,0.8523470600237646,0.8761517257382447,0.8657176806654105,0.8592884205304239,0.8632211913535053,0.8752795547927393,0.8672300588612698,0.00791185687702624,9,0.8692168053532898,0.8687300339766916,0.8681199768206928,0.8696981928557077,0.8708268218075602,0.8682905064732621,0.8694660263206001,0.8701561052225356,0.8696656755169083,0.8682754907989232,0.8692445635146171,0.0008453486512912511,0.801,0.79,0.794,0.777,0.759,0.797,0.785,0.763,0.771,0.803,0.784,0.014966629547095779,14,0.7842222222222223,0.7854444444444444,0.7838888888888889,0.7851111111111111,0.7864444444444444,0.7835555555555556,0.7854444444444444,0.7861111111111111,0.7867777777777778,0.7827777777777778,0.7849777777777777,0.0012549162580884762,0.790650406504065,0.7621951219512195,0.758130081300813,0.7317073170731707,0.7403651115618661,0.7768762677484787,0.7261663286004056,0.7221095334685599,0.7525354969574036,0.7829614604462475,0.7543697125612229,0.022945427908173905,20,0.7530446549391069,0.7559765448804691,0.7528191249436175,0.7557510148849798,0.7565982404692082,0.7545680126325287,0.757726144822919,0.757726144822919,0.7575005639521769,0.7518610421836228,0.7553571488531547,0.0020623359006886376
0.07729461193084716,0.010452810989654629,0.0036746501922607423,0.0013365958579900719,0.1,none,lbfgs,"{'C': 0.1, 'penalty': 'none', 'solver': 'lbfgs'}",0.7963152507676561,0.78125,0.7836134453781513,0.7635206786850477,0.7518022657054584,0.7905056759545924,0.7690655209452202,0.7502634351949421,0.7641606591143151,0.7966976264189887,0.7747194558164373,0.016469779811225684,14,0.7747099767981437,0.7763752171395483,0.7745302713987474,0.7760537285780454,0.7772885283893394,0.7744848344524196,0.7767371950514511,0.7774563129267447,0.7777649102489869,0.7730858468677493,0.7758486821851175,0.0014821099308064344,0.8691505025286473,0.8718311887843286,0.8780847897061648,0.8612244734652071,0.8523510608079182,0.8761397233857835,0.8657176806654105,0.8592724173938093,0.8632211913535054,0.8752515493036636,0.8672244577394439,0.007909132711887533,21,0.8692161632398554,0.8687307254834669,0.8681179516937076,0.8696996252625997,0.8708292914908397,0.8682893210252881,0.8694690887278667,0.8701563027971978,0.869669083679834,0.8682738114142932,0.8692451364814948,0.000846715789284035,0.801,0.79,0.794,0.777,0.759,0.797,0.785,0.763,0.771,0.803,0.784,0.014966629547095779,14,0.7842222222222223,0.7854444444444444,0.784,0.7851111111111111,0.7864444444444444,0.7835555555555556,0.7854444444444444,0.7863333333333333,0.7867777777777778,0.7826666666666666,0.7849999999999999,0.0012871635962288467,0.790650406504065,0.7621951219512195,0.758130081300813,0.7317073170731707,0.7403651115618661,0.7768762677484787,0.7261663286004056,0.7221095334685599,0.7525354969574036,0.7829614604462475,0.7543697125612229,0.022945427908173905,20,0.7530446549391069,0.7559765448804691,0.7530446549391069,0.7557510148849798,0.7565982404692082,0.7545680126325287,0.757726144822919,0.757726144822919,0.7575005639521769,0.7516354613128806,0.7553571437656295,0.002075248243277052
0.07839434146881104,0.007923177045229875,0.0033290624618530274,0.00020718243780667778,10.0,none,lbfgs,"{'C': 10.0, 'penalty': 'none', 'solver': 'lbfgs'}",0.7963152507676561,0.78125,0.7836134453781513,0.7635206786850477,0.7518022657054584,0.7905056759545924,0.7690655209452202,0.7502634351949421,0.7641606591143151,0.7966976264189887,0.7747194558164373,0.016469779811225684,14,0.7747099767981437,0.7763752171395483,0.7745302713987474,0.7760537285780454,0.7772885283893394,0.7744848344524196,0.7767371950514511,0.7774563129267447,0.7777649102489869,0.7730858468677493,0.7758486821851175,0.0014821099308064344,0.8691505025286473,0.8718311887843286,0.8780847897061648,0.8612244734652071,0.8523510608079182,0.8761397233857835,0.8657176806654105,0.8592724173938093,0.8632211913535054,0.8752515493036636,0.8672244577394439,0.007909132711887533,21,0.8692161632398554,0.8687307254834669,0.8681179516937076,0.8696996252625997,0.8708292914908397,0.8682893210252881,0.8694690887278667,0.8701563027971978,0.869669083679834,0.8682738114142932,0.8692451364814948,0.000846715789284035,0.801,0.79,0.794,0.777,0.759,0.797,0.785,0.763,0.771,0.803,0.784,0.014966629547095779,14,0.7842222222222223,0.7854444444444444,0.784,0.7851111111111111,0.7864444444444444,0.7835555555555556,0.7854444444444444,0.7863333333333333,0.7867777777777778,0.7826666666666666,0.7849999999999999,0.0012871635962288467,0.790650406504065,0.7621951219512195,0.758130081300813,0.7317073170731707,0.7403651115618661,0.7768762677484787,0.7261663286004056,0.7221095334685599,0.7525354969574036,0.7829614604462475,0.7543697125612229,0.022945427908173905,20,0.7530446549391069,0.7559765448804691,0.7530446549391069,0.7557510148849798,0.7565982404692082,0.7545680126325287,0.757726144822919,0.757726144822919,0.7575005639521769,0.7516354613128806,0.7553571437656295,0.002075248243277052
0.07310872077941895,0.006575006595318638,0.004111194610595703,0.0008283538146059974,10.0,l2,newton-cg,"{'C': 10.0, 'penalty': 'l2', 'solver': 'newton-cg'}",0.7963152507676561,0.78125,0.7836134453781513,0.7635206786850477,0.7518022657054584,0.7905056759545924,0.7690655209452202,0.7502634351949421,0.7641606591143151,0.7966976264189887,0.7747194558164373,0.016469779811225684,14,0.7747099767981437,0.7764270001157808,0.7742983066573881,0.7760917409938607,0.7772885283893394,0.7743429431515573,0.7768270120259019,0.7774563129267447,0.7778549918925179,0.7731384829505915,0.7758435295901827,0.0015279414091195253,0.8691865117470071,0.871835189808591,0.8781007938032135,0.8612084693681583,0.8523630631603794,0.8761557265223984,0.8657336838020253,0.8592724173938092,0.8632131897851979,0.875259550871971,0.8672328596262752,0.007914123819026283,5,0.8692130514593657,0.8687310712368548,0.8681158771733811,0.8696957725819934,0.8708212403233487,0.8682925316135512,0.8694666190445872,0.8701536849329218,0.8696621685666517,0.8682710947626859,0.8692423111695342,0.0008445270498723107,0.801,0.79,0.794,0.777,0.759,0.797,0.785,0.763,0.771,0.803,0.784,0.014966629547095779,14,0.7842222222222223,0.7854444444444444,0.7837777777777778,0.7852222222222223,0.7864444444444444,0.7834444444444445,0.7855555555555556,0.7863333333333333,0.7868888888888889,0.7826666666666666,0.7849999999999999,0.0013397991373317961,0.790650406504065,0.7621951219512195,0.758130081300813,0.7317073170731707,0.7403651115618661,0.7768762677484787,0.7261663286004056,0.7221095334685599,0.7525354969574036,0.7829614604462475,0.7543697125612229,0.022945427908173905,20,0.7530446549391069,0.7562020748759585,0.7528191249436175,0.7555254848894903,0.7565982404692082,0.7543424317617866,0.757726144822919,0.757726144822919,0.7575005639521769,0.7518610421836228,0.7553345907660806,0.0020769587120605
0.06060945987701416,0.007177901291604663,0.0028492212295532227,0.0005647022562042823,10.0,none,saga,"{'C': 10.0, 'penalty': 'none', 'solver': 'saga'}",0.7963152507676561,0.78125,0.7836134453781513,0.7635206786850477,0.7518022657054584,0.7905056759545924,0.7690655209452202,0.7502634351949421,0.7641606591143151,0.7966976264189887,0.7747194558164373,0.016469779811225684,14,0.7747099767981437,0.7765169059749883,0.7743881220276071,0.7760537285780454,0.7772885283893394,0.7744848344524196,0.7767371950514511,0.7772764086544024,0.7777649102489869,0.7732281637861037,0.7758448773961487,0.0014566554366529526,0.8691505025286473,0.8718391908328531,0.8780687856091158,0.8612324755137316,0.8523510608079183,0.8761437241699374,0.8657296830178716,0.8592884205304239,0.863213189785198,0.8752715532244321,0.867228858602013,0.007907849383068865,11,0.8692162620265376,0.8687322072837002,0.8681191865272353,0.8696976989222964,0.8708243027306151,0.8682893210252879,0.8694656805649411,0.8701562040098667,0.8696685897431783,0.8682747992876051,0.8692444252121264,0.0008451864289455368,0.801,0.79,0.794,0.777,0.759,0.797,0.785,0.763,0.771,0.803,0.784,0.014966629547095779,14,0.7842222222222223,0.7855555555555556,0.7838888888888889,0.7851111111111111,0.7864444444444444,0.7835555555555556,0.7854444444444444,0.7861111111111111,0.7867777777777778,0.7827777777777778,0.7849888888888888,0.0012594825510090525,0.790650406504065,0.7621951219512195,0.758130081300813,0.7317073170731707,0.7403651115618661,0.7768762677484787,0.7261663286004056,0.7221095334685599,0.7525354969574036,0.7829614604462475,0.7543697125612229,0.022945427908173905,20,0.7530446549391069,0.7562020748759585,0.7528191249436175,0.7557510148849798,0.7565982404692082,0.7545680126325287,0.757726144822919,0.757726144822919,0.7575005639521769,0.7518610421836228,0.7553797018527038,0.0020702042372713796
0.0781745195388794,0.00858112364955996,0.0032457351684570313,0.0003753556315697055,0.001,none,lbfgs,"{'C': 0.001, 'penalty': 'none', 'solver': 'lbfgs'}",0.7963152507676561,0.78125,0.7836134453781513,0.7635206786850477,0.7518022657054584,0.7905056759545924,0.7690655209452202,0.7502634351949421,0.7641606591143151,0.7966976264189887,0.7747194558164373,0.016469779811225684,14,0.7747099767981437,0.7763752171395483,0.7745302713987474,0.7760537285780454,0.7772885283893394,0.7744848344524196,0.7767371950514511,0.7774563129267447,0.7777649102489869,0.7730858468677493,0.7758486821851175,0.0014821099308064344,0.8691505025286473,0.8718311887843286,0.8780847897061648,0.8612244734652071,0.8523510608079182,0.8761397233857835,0.8657176806654105,0.8592724173938093,0.8632211913535054,0.8752515493036636,0.8672244577394439,0.007909132711887533,21,0.8692161632398554,0.8687307254834669,0.8681179516937076,0.8696996252625997,0.8708292914908397,0.8682893210252881,0.8694690887278667,0.8701563027971978,0.869669083679834,0.8682738114142932,0.8692451364814948,0.000846715789284035,0.801,0.79,0.794,0.777,0.759,0.797,0.785,0.763,0.771,0.803,0.784,0.014966629547095779,14,0.7842222222222223,0.7854444444444444,0.784,0.7851111111111111,0.7864444444444444,0.7835555555555556,0.7854444444444444,0.7863333333333333,0.7867777777777778,0.7826666666666666,0.7849999999999999,0.0012871635962288467,0.790650406504065,0.7621951219512195,0.758130081300813,0.7317073170731707,0.7403651115618661,0.7768762677484787,0.7261663286004056,0.7221095334685599,0.7525354969574036,0.7829614604462475,0.7543697125612229,0.022945427908173905,20,0.7530446549391069,0.7559765448804691,0.7530446549391069,0.7557510148849798,0.7565982404692082,0.7545680126325287,0.757726144822919,0.757726144822919,0.7575005639521769,0.7516354613128806,0.7553571437656295,0.002075248243277052
0.07295122146606445,0.004670763559018065,0.003408217430114746,0.00030746237459543127,1.0,l2,saga,"{'C': 1.0, 'penalty': 'l2', 'solver': 'saga'}",0.7963152507676561,0.7820646506777894,0.7836134453781513,0.7627118644067795,0.7512899896800825,0.7905056759545924,0.7690655209452202,0.7494736842105263,0.7649484536082475,0.7966976264189887,0.7746686162048033,0.016701984201370666,24,0.7739765742780934,0.7764270001157808,0.774245939675174,0.775911986103069,0.7778936392075079,0.7733117108768679,0.7764025448235975,0.7775977782920622,0.7778936392075079,0.7731384829505915,0.7756799295530252,0.0017787202940733457,0.8692225209653672,0.8717471672748224,0.8780007681966582,0.8611484540042251,0.8522230357150002,0.8760116982928654,0.8657096790971031,0.8591403915167373,0.8632531976267347,0.8752075406779729,0.8671664453367486,0.007917484781683947,30,0.8691797109541194,0.8687025712790367,0.8680888590157962,0.8696645065970734,0.8707885417167291,0.8682675384187635,0.8694344637682891,0.8701308650594197,0.8696286796613827,0.8682459039932359,0.8692131640463847,0.0008429123660332629,0.801,0.791,0.794,0.776,0.759,0.797,0.785,0.762,0.772,0.803,0.784,0.015119523802024996,14,0.7834444444444445,0.7854444444444444,0.7837777777777778,0.785,0.787,0.7825555555555556,0.7852222222222223,0.7864444444444444,0.787,0.7826666666666666,0.7848555555555556,0.0015955571030633186,0.790650406504065,0.7621951219512195,0.758130081300813,0.7317073170731707,0.7383367139959433,0.7768762677484787,0.7261663286004056,0.7221095334685599,0.7525354969574036,0.7829614604462475,0.7541668728046307,0.0230769221801058,32,0.752593594948128,0.7562020748759585,0.752593594948128,0.7555254848894903,0.7572749830814347,0.7529889465373336,0.7570494022106925,0.7579517256936612,0.7572749830814347,0.7518610421836228,0.7551315832449884,0.002242560359418743
0.08455181121826172,0.01044347583516149,0.0035761117935180662,0.00039960818841812607,1.0,l2,lbfgs,"{'C': 1.0, 'penalty': 'l2', 'solver': 'lbfgs'}",0.7963152507676561,0.7820646506777894,0.7836134453781513,0.7627118644067795,0.7512899896800825,0.7905056759545924,0.7690655209452202,0.7494736842105263,0.7649484536082475,0.7966976264189887,0.7746686162048033,0.016701984201370666,24,0.7739765742780934,0.7764270001157808,0.774245939675174,0.775911986103069,0.7778936392075079,0.7733117108768679,0.7764025448235975,0.7775977782920622,0.7778936392075079,0.7731384829505915,0.7756799295530252,0.0017787202940733457,0.8692265219896292,0.8717431662505601,0.8780047692209205,0.8611564560527495,0.8522430396357685,0.8760196998611728,0.8657136798812567,0.8591403915167373,0.8632331937059663,0.8752035398938192,0.867168445800858,0.007914929336533011,28,0.869178673693956,0.868702324312331,0.8680903408160294,0.8696651487105078,0.8707898753457001,0.8682675878124291,0.8694345131619547,0.8701307168784231,0.8696295193536978,0.8682470400475443,0.8692135740132574,0.0008429084274117446,0.801,0.791,0.794,0.776,0.759,0.797,0.785,0.762,0.772,0.803,0.784,0.015119523802024996,14,0.7834444444444445,0.7854444444444444,0.7837777777777778,0.785,0.787,0.7825555555555556,0.7852222222222223,0.7864444444444444,0.787,0.7826666666666666,0.7848555555555556,0.0015955571030633186,0.790650406504065,0.7621951219512195,0.758130081300813,0.7317073170731707,0.7383367139959433,0.7768762677484787,0.7261663286004056,0.7221095334685599,0.7525354969574036,0.7829614604462475,0.7541668728046307,0.0230769221801058,32,0.752593594948128,0.7562020748759585,0.752593594948128,0.7555254848894903,0.7572749830814347,0.7529889465373336,0.7570494022106925,0.7579517256936612,0.7572749830814347,0.7518610421836228,0.7551315832449884,0.002242560359418743
0.07482788562774659,0.007736374057173462,0.0033826112747192385,0.00024696903699281586,1.0,l2,newton-cg,"{'C': 1.0, 'penalty': 'l2', 'solver': 'newton-cg'}",0.7963152507676561,0.7820646506777894,0.7836134453781513,0.7627118644067795,0.7512899896800825,0.7905056759545924,0.7690655209452202,0.7481559536354055,0.7649484536082475,0.7966976264189887,0.7745368431472912,0.016904217815574888,26,0.7739765742780934,0.7764270001157808,0.774245939675174,0.775911986103069,0.7778936392075079,0.7733117108768679,0.7764025448235975,0.7775977782920622,0.7778035217794255,0.7731384829505915,0.7756709178102169,0.0017676758820574867,0.8692145189168429,0.8717351642020358,0.8780127712694448,0.8611564560527494,0.8522430396357685,0.8760196998611728,0.8657056783129494,0.859144392300891,0.8632491968425812,0.8752075406779729,0.8671688458072409,0.007914605965674585,27,0.869177191893723,0.8687011882654856,0.8680886614424318,0.8696652968905311,0.8707890850470508,0.8682677853870915,0.8694344143746237,0.8701328408060435,0.8696288278423794,0.8682461015678982,0.8692131393517257,0.0008433477629860514,0.801,0.791,0.794,0.776,0.759,0.797,0.785,0.761,0.772,0.803,0.7839,0.015267285285865342,26,0.7834444444444445,0.7854444444444444,0.7837777777777778,0.785,0.787,0.7825555555555556,0.7852222222222223,0.7864444444444444,0.7868888888888889,0.7826666666666666,0.7848444444444446,0.0015809045699406528,0.790650406504065,0.7621951219512195,0.758130081300813,0.7317073170731707,0.7383367139959433,0.7768762677484787,0.7261663286004056,0.7200811359026369,0.7525354969574036,0.7829614604462475,0.7539640330480384,0.023364923257400173,34,0.752593594948128,0.7562020748759585,0.752593594948128,0.7555254848894903,0.7572749830814347,0.7529889465373336,0.7570494022106925,0.7579517256936612,0.7572749830814347,0.7518610421836228,0.7551315832449884,0.002242560359418743
0.11485834121704101,0.008386988412456201,0.0034919500350952147,0.0002490923115605905,1.0,l2,sag,"{'C': 1.0, 'penalty': 'l2', 'solver': 'sag'}",0.7963152507676561,0.7820646506777894,0.7836134453781513,0.7627118644067795,0.7512899896800825,0.7905056759545924,0.7690655209452202,0.7481559536354055,0.7649484536082475,0.7966976264189887,0.7745368431472912,0.016904217815574888,26,0.7740663419160289,0.7764270001157808,0.774245939675174,0.775911986103069,0.7778936392075079,0.7733117108768679,0.7764025448235975,0.7776877676194884,0.7778035217794255,0.7731384829505915,0.7756888935067532,0.0017692457323797504,0.8692225209653671,0.8717311631777735,0.8780247743422316,0.8611604570770117,0.8522150341466928,0.8760397037819413,0.8657056783129493,0.859144392300891,0.8632531976267347,0.8752115414621267,0.867170846319372,0.007923653024731992,26,0.869180007314166,0.8687023737056722,0.8680893035558661,0.8696656920372599,0.8707906656443495,0.8682706008260301,0.8694351552796075,0.8701327914123778,0.8696300626840192,0.8682470400475443,0.8692143692506893,0.0008431469012936785,0.801,0.791,0.794,0.776,0.759,0.797,0.785,0.761,0.772,0.803,0.7839,0.015267285285865342,26,0.7835555555555556,0.7854444444444444,0.7837777777777778,0.785,0.787,0.7825555555555556,0.7852222222222223,0.7865555555555556,0.7868888888888889,0.7826666666666666,0.7848666666666667,0.0015829336727562827,0.790650406504065,0.7621951219512195,0.758130081300813,0.7317073170731707,0.7383367139959433,0.7768762677484787,0.7261663286004056,0.7200811359026369,0.7525354969574036,0.7829614604462475,0.7539640330480384,0.023364923257400173,34,0.752593594948128,0.7562020748759585,0.752593594948128,0.7555254848894903,0.7572749830814347,0.7529889465373336,0.7570494022106925,0.7579517256936612,0.7572749830814347,0.7518610421836228,0.7551315832449884,0.002242560359418743
0.1916287899017334,0.024655711472216384,0.003472709655761719,0.00033736571320322966,1.0,l1,liblinear,"{'C': 1.0, 'penalty': 'l1', 'solver': 'liblinear'}",0.7950819672131147,0.7807933194154487,0.782791185729276,0.7635206786850477,0.7512899896800825,0.7913223140495868,0.7690655209452202,0.7494736842105263,0.7649484536082475,0.7966976264189887,0.7744984739955539,0.016474295154602817,28,0.774245939675174,0.7762472508392174,0.7747099767981437,0.7763234101702768,0.7770050996754752,0.7733117108768679,0.7762367082755433,0.777045007520537,0.7783696155627604,0.7731384829505915,0.7756633202344587,0.0016419998473553867,0.8692905383778247,0.8718351898085909,0.8780807886819025,0.8610084181550477,0.8524150733543775,0.8760637084868634,0.8658377041900213,0.8591163868118151,0.8632932054682717,0.8754275838064262,0.867236859714114,0.007936530803065413,3,0.8691965540834363,0.8687110669337069,0.8680951319701165,0.8696886599408742,0.8708074594906496,0.8682745029256116,0.8694574812164534,0.8701279508331502,0.8696307541953374,0.8682568199933307,0.8692246381582667,0.000844719882957358,0.8,0.79,0.793,0.777,0.759,0.798,0.785,0.762,0.772,0.803,0.7839,0.01494289128649474,26,0.7837777777777778,0.7852222222222223,0.7842222222222223,0.7854444444444444,0.7862222222222223,0.7825555555555556,0.7848888888888889,0.7858888888888889,0.7873333333333333,0.7826666666666666,0.7848222222222223,0.0014556827764588757,0.7886178861788617,0.7601626016260162,0.758130081300813,0.7317073170731707,0.7383367139959433,0.7768762677484787,0.7261663286004056,0.7221095334685599,0.7525354969574036,0.7829614604462475,0.75376036873959,0.02269605910410708,38,0.752593594948128,0.7562020748759585,0.7530446549391069,0.7557510148849798,0.7561470787277239,0.7529889465373336,0.7575005639521769,0.7575005639521769,0.7581773065644033,0.7518610421836228,0.755176684156561,0.002216418124051885
0.07055811882019043,0.016473959236303605,0.004074954986572265,0.001133117993589704,1.0,l2,liblinear,"{'C': 1.0, 'penalty': 'l2', 'solver': 'liblinear'}",0.7963152507676561,0.7820646506777894,0.7836134453781513,0.7627118644067795,0.7512899896800825,0.7905056759545924,0.7690655209452202,0.7481559536354055,0.7641606591143151,0.7966976264189887,0.7744580636978979,0.01695049178838559,29,0.7739765742780934,0.7764270001157808,0.774245939675174,0.775911986103069,0.7778936392075079,0.7733117108768679,0.7764025448235975,0.7777392109221335,0.7779965257672263,0.7730488229154587,0.7756953954684909,0.0018201220223360908,0.869238525062416,0.8717431662505601,0.8779847640996095,0.8611524550284873,0.8522470404199223,0.8760317022136339,0.865697676744642,0.8591283891642763,0.8632531976267348,0.8752035398938193,0.8671680456504101,0.007913920714277588,29,0.8691774882537695,0.8687032627858121,0.868088760229114,0.8696645065970733,0.8707881959610702,0.8682675384187636,0.8694351552796074,0.870133137168037,0.8696303096523471,0.868246842472882,0.8692135196818477,0.0008430668234116392,0.801,0.791,0.794,0.776,0.759,0.797,0.785,0.761,0.771,0.803,0.7838,0.015347964034359752,29,0.7834444444444445,0.7854444444444444,0.7837777777777778,0.785,0.787,0.7825555555555556,0.7852222222222223,0.7865555555555556,0.787,0.7825555555555556,0.7848555555555555,0.0016224124698183962,0.790650406504065,0.7621951219512195,0.758130081300813,0.7317073170731707,0.7383367139959433,0.7768762677484787,0.7261663286004056,0.7200811359026369,0.7525354969574036,0.7829614604462475,0.7539640330480384,0.023364923257400173,34,0.752593594948128,0.7562020748759585,0.752593594948128,0.7555254848894903,0.7572749830814347,0.7529889465373336,0.7570494022106925,0.7581773065644033,0.757726144822919,0.7518610421836228,0.755199257506211,0.00231745087608044
0.09724934101104736,0.004909524294975998,0.0036077499389648438,0.00038062944849833965,1.0,l1,saga,"{'C': 1.0, 'penalty': 'l1', 'solver': 'saga'}",0.7950819672131147,0.7807933194154487,0.782791185729276,0.7635206786850477,0.7512899896800825,0.7913223140495868,0.7690655209452202,0.7494736842105263,0.7636738906088751,0.7966976264189887,0.7743710176956167,0.016552432671432183,30,0.7743357698108829,0.7763371150729335,0.7747998607727113,0.7758980301274623,0.7771468304554409,0.773259182018306,0.7764542615936162,0.776903494561444,0.7779450944051896,0.7731384829505915,0.7756218121768578,0.0015724316140383451,0.8692745342807758,0.8718391908328531,0.8780687856091158,0.8610084181550477,0.852423074922685,0.8760837124076319,0.8658377041900213,0.859116386811815,0.8632932054682718,0.8754435869430409,0.8672388599621259,0.007937097401390758,2,0.8692006043374072,0.868708350299946,0.868092514123038,0.869684412113539,0.8708100773549258,0.8682775159392123,0.8694560981938169,0.8701326926250467,0.8696259136161097,0.8682557827263535,0.8692243961329396,0.0008455013045738819,0.8,0.79,0.793,0.777,0.759,0.798,0.785,0.762,0.771,0.803,0.7838,0.015025311976794372,29,0.7838888888888889,0.7853333333333333,0.7843333333333333,0.7851111111111111,0.7863333333333333,0.7825555555555556,0.7852222222222223,0.7857777777777778,0.787,0.7826666666666666,0.7848222222222223,0.001390621141969972,0.7886178861788617,0.7601626016260162,0.758130081300813,0.7317073170731707,0.7383367139959433,0.7768762677484787,0.7261663286004056,0.7221095334685599,0.7505070993914807,0.7829614604462475,0.7535575289829978,0.022715155732398636,39,0.752593594948128,0.7562020748759585,0.7530446549391069,0.7550744248985115,0.756372659598466,0.7527633656665915,0.7572749830814347,0.7572749830814347,0.7575005639521769,0.7518610421836228,0.7549962347225432,0.0021073262843900663
0.12207996845245361,0.02232752356623182,0.003860139846801758,0.000568253907715682,0.1,l1,liblinear,"{'C': 0.1, 'penalty': 'l1', 'solver': 'liblinear'}",0.787321063394683,0.778705636743215,0.7828810020876826,0.7635206786850477,0.7540983606557377,0.7905056759545924,0.7660944206008584,0.7523709167544784,0.7712820512820513,0.7967145790554415,0.7743494385213788,0.014523182879485124,31,0.7734537873523281,0.7758122326280494,0.7736329935125116,0.7747081262281816,0.7766473988439305,0.7722177279556224,0.7764678687008784,0.7750952986022872,0.7764406387410321,0.7729535718420747,0.7747429644406896,0.0015239983220508057,0.8701027463030536,0.8726033864669356,0.8774046155815888,0.8596920811727804,0.8509587879224326,0.8752075406779729,0.8664778296546124,0.8585922840876812,0.8625170533424552,0.875415581453965,0.8668971906663477,0.00830148396063383,31,0.8686184544191333,0.868182014857122,0.8675083884711201,0.8691667698987496,0.8702667470334534,0.8676823716625379,0.868944527999318,0.8695811629550868,0.8690345726516856,0.8676621696533123,0.8686647179601519,0.000861153803013811,0.792,0.788,0.792,0.777,0.76,0.797,0.782,0.765,0.777,0.802,0.7832000000000001,0.012921300244170488,32,0.7826666666666666,0.7845555555555556,0.7828888888888889,0.7834444444444445,0.7853333333333333,0.781,0.7851111111111111,0.7836666666666666,0.7853333333333333,0.7821111111111111,0.783611111111111,0.001399514907140555,0.782520325203252,0.758130081300813,0.7621951219512195,0.7317073170731707,0.7464503042596349,0.7768762677484787,0.7241379310344828,0.7241379310344828,0.7626774847870182,0.7870182555780934,0.7555851019970646,0.02213318001335352,3,0.7530446549391069,0.7566531348669373,0.7530446549391069,0.7557510148849798,0.757726144822919,0.7536656891495601,0.757726144822919,0.7568238213399504,0.7568238213399504,0.7529889465373336,0.7554248027642764,0.001909977858541094
0.09635446071624756,0.007612382667697068,0.0035088062286376953,0.0004033872700002649,0.1,l1,saga,"{'C': 0.1, 'penalty': 'l1', 'solver': 'saga'}",0.7868852459016394,0.778705636743215,0.7832460732984293,0.7622080679405521,0.7548717948717949,0.7937823834196891,0.7655913978494624,0.751054852320675,0.7687564234326826,0.7954779033915724,0.7740579779169712,0.01501961798618124,32,0.7738343771746695,0.7763888888888889,0.7733704476919508,0.774021764297291,0.7763888888888889,0.7724169848432257,0.7753069261060922,0.7752314814814814,0.7753682013220456,0.7725481103640157,0.7744876071058548,0.0013845833997599415,0.8701027463030535,0.8725833813456245,0.8773926125088023,0.8596440688816337,0.850942784785818,0.8752315453828949,0.8664498241655364,0.8586242903609107,0.8625050509899941,0.875415581453965,0.8668891886178234,0.0083058340379946,32,0.8686240358666781,0.8681738155624983,0.8675125869051141,0.8691672638321607,0.8702692661103986,0.867689681925045,0.8689468495016006,0.8695823484030608,0.8690301766154482,0.8676675041691959,0.8686663528891201,0.0008600861023487052,0.792,0.788,0.793,0.776,0.761,0.801,0.782,0.764,0.775,0.801,0.7833,0.013461426373159729,31,0.7833333333333333,0.7853333333333333,0.7828888888888889,0.7831111111111111,0.7853333333333333,0.7814444444444445,0.7844444444444445,0.7842222222222223,0.7847777777777778,0.782,0.783688888888889,0.0012821663766001425,0.7804878048780488,0.758130081300813,0.7601626016260162,0.7296747967479674,0.7464503042596349,0.7768762677484787,0.7221095334685599,0.7221095334685599,0.7586206896551724,0.7849898580121704,0.7539611471165422,0.022235977088850698,37,0.7523680649526387,0.7564276048714479,0.7519170049616599,0.7539467749210645,0.7565982404692082,0.7529889465373336,0.7550191743740131,0.7554703361154974,0.7541168508910444,0.7516354613128806,0.7540488459406789,0.0017161790134265335
0.07165207862854003,0.005839536456049646,0.0033829450607299806,0.0005559919674850224,0.1,l2,lbfgs,"{'C': 0.1, 'penalty': 'l2', 'solver': 'lbfgs'}",0.7934560327198363,0.78125,0.7795193312434692,0.7613997879109226,0.75564681724846,0.7905056759545924,0.7623126338329764,0.7497360084477296,0.7698658410732714,0.7967145790554415,0.77404067074867,0.01577329189376702,33,0.7750231696014829,0.7763644773358002,0.7753967334646125,0.7742159472283301,0.7760537285780454,0.772700983227299,0.7770067083044182,0.7752691906912124,0.7761055799953692,0.7726535341830822,0.7750790052609652,0.0014069621867406703,0.8696706356827347,0.8717271621535114,0.8777367005953524,0.860636322898662,0.8513988741793391,0.8756196214458034,0.8653096006817336,0.8585722801669127,0.8626930878452177,0.8753035594976614,0.8668667845146928,0.008149536944305685,34,0.8687217852887267,0.8683050042764755,0.8676454055993477,0.8692889196313045,0.8703963560119574,0.8678640909582376,0.8690743839461499,0.8697396178342943,0.8691894711869707,0.8678478898359245,0.868807292456939,0.0008522549612520793,0.798,0.79,0.789,0.775,0.762,0.797,0.778,0.763,0.777,0.802,0.7831000000000001,0.013538463723776059,33,0.7842222222222223,0.7851111111111111,0.7845555555555556,0.7832222222222223,0.7851111111111111,0.7816666666666666,0.7857777777777778,0.7843333333333333,0.7851111111111111,0.782,0.7841111111111111,0.0013137450003428846,0.7886178861788617,0.7621951219512195,0.758130081300813,0.7296747967479674,0.7464503042596349,0.7768762677484787,0.7221095334685599,0.7200811359026369,0.7565922920892495,0.7870182555780934,0.7547745675225515,0.023902028182643493,5,0.7543978349120433,0.7571041948579161,0.7548488949030221,0.7543978349120433,0.7559214978569817,0.7534401082788179,0.757726144822919,0.7552447552447552,0.7561470787277239,0.752086623054365,0.7551314967570588,0.0015993907092422181
0.06303629875183106,0.003948774204399851,0.0033896923065185546,0.00019430523845855258,0.1,l2,liblinear,"{'C': 0.1, 'penalty': 'l2', 'solver': 'liblinear'}",0.7926455566905005,0.78125,0.778705636743215,0.761904761904762,0.75564681724846,0.7905056759545924,0.7623126338329764,0.7502634351949421,0.7703398558187436,0.7967145790554415,0.7740288952443634,0.015515454186959913,34,0.7749479046075481,0.7765195285417147,0.775,0.7746185852981969,0.7765822052528057,0.7729111290881775,0.7774439565518835,0.7751561415683552,0.7762229675031803,0.7729905026638869,0.7752392921075748,0.0014241607700355673,0.8696666346584727,0.8717151590807246,0.8777326995710901,0.8606123167530888,0.851386871826878,0.8756396253665717,0.8653296046025022,0.8585402738936831,0.8627330956867545,0.8753115610659689,0.8668667842505735,0.008156090624313534,35,0.8687304785167614,0.8683086593837173,0.8676503449334583,0.8692890184179867,0.8703985293332435,0.8678621646052797,0.8690773969597507,0.8697420875175736,0.8691932251055554,0.8678481861979183,0.8688100090971245,0.0008524070342913073,0.797,0.79,0.788,0.775,0.762,0.797,0.778,0.763,0.777,0.802,0.7829,0.01338992158304149,37,0.784,0.7851111111111111,0.784,0.7833333333333333,0.7854444444444444,0.7816666666666666,0.786,0.784,0.785,0.7822222222222223,0.7840777777777779,0.0013156700400636147,0.7886178861788617,0.7621951219512195,0.758130081300813,0.7317073170731707,0.7464503042596349,0.7768762677484787,0.7221095334685599,0.7221095334685599,0.7586206896551724,0.7870182555780934,0.7553834990682564,0.023422894508502753,4,0.7548488949030221,0.7577807848443843,0.7550744248985115,0.7557510148849798,0.7570494022106925,0.7543424317617866,0.7588540491766298,0.7559214978569817,0.7570494022106925,0.7527633656665915,0.7559435268414273,0.0017017817676513965
0.08669571876525879,0.00971409924972548,0.0035884618759155274,0.0006697150594812545,0.1,l2,sag,"{'C': 0.1, 'penalty': 'l2', 'solver': 'sag'}",0.7934560327198363,0.78125,0.7795193312434692,0.7613997879109226,0.75564681724846,0.7905056759545924,0.7623126338329764,0.7497360084477296,0.7698658410732714,0.7954779033915724,0.7739170031822831,0.015598920669302869,35,0.7751650642881964,0.7763644773358002,0.7754345307068365,0.7742159472283301,0.7759638763459535,0.7728429331482766,0.7770067083044182,0.7752691906912124,0.7761055799953692,0.7726535341830822,0.7751021842227477,0.0013783225299539045,0.8696866397797837,0.8717151590807247,0.8777166954740414,0.8606483259714487,0.8513868718268781,0.875623622229957,0.8653136014658873,0.8585762809510663,0.8627050901976787,0.8753075602818152,0.8668679847259282,0.008147817041256656,33,0.8687236128423477,0.8683057451765921,0.8676429359322924,0.8692879811578234,0.8703995172065552,0.8678615224876272,0.8690756681814551,0.8697394696532975,0.8691921384449124,0.8678470995372751,0.8688075690620177,0.0008535839824737547,0.798,0.79,0.789,0.775,0.762,0.797,0.778,0.763,0.777,0.801,0.7830000000000001,0.013401492454200775,34,0.7843333333333333,0.7851111111111111,0.7846666666666666,0.7832222222222223,0.785,0.7817777777777778,0.7857777777777778,0.7843333333333333,0.7851111111111111,0.782,0.7841333333333333,0.0012908031761295544,0.7886178861788617,0.7621951219512195,0.758130081300813,0.7296747967479674,0.7464503042596349,0.7768762677484787,0.7221095334685599,0.7200811359026369,0.7565922920892495,0.7849898580121704,0.7545717277659592,0.023634649209834387,17,0.7546233649075327,0.7571041948579161,0.7546233649075327,0.7543978349120433,0.7559214978569817,0.7536656891495601,0.757726144822919,0.7552447552447552,0.7561470787277239,0.752086623054365,0.755154054844133,0.0015735783150298839
0.0711714506149292,0.009574641744230204,0.0033908367156982424,0.0001921135368664954,0.1,l2,saga,"{'C': 0.1, 'penalty': 'l2', 'solver': 'saga'}",0.7934560327198363,0.78125,0.7795193312434692,0.7613997879109226,0.75564681724846,0.7905056759545924,0.7623126338329764,0.7497360084477296,0.7698658410732714,0.7954779033915724,0.7739170031822831,0.015598920669302869,35,0.7750231696014829,0.7763644773358002,0.7753967334646125,0.7742159472283301,0.7761055799953692,0.7728429331482766,0.7770067083044182,0.7752691906912124,0.7761055799953692,0.7726535341830822,0.7750983853947954,0.0013871002088640398,0.8696826387555213,0.871667146789578,0.8777246975225657,0.8606363228986622,0.8513908726110316,0.8756236222299572,0.8653136014658873,0.8585882833035275,0.8626970886293714,0.8753035594976615,0.8668627833703763,0.008144831684059349,37,0.8687220816487735,0.8683046091297468,0.8676440719791377,0.8692870920776836,0.8703982823649153,0.8678609791573055,0.8690757175751207,0.8697398648026222,0.8691915457209255,0.8678474946865997,0.8688071739142831,0.0008532645620185295,0.798,0.79,0.789,0.775,0.762,0.797,0.778,0.763,0.777,0.801,0.7830000000000001,0.013401492454200775,34,0.7842222222222223,0.7851111111111111,0.7845555555555556,0.7832222222222223,0.7851111111111111,0.7817777777777778,0.7857777777777778,0.7843333333333333,0.7851111111111111,0.782,0.7841222222222222,0.001293335242457533,0.7886178861788617,0.7621951219512195,0.758130081300813,0.7296747967479674,0.7464503042596349,0.7768762677484787,0.7221095334685599,0.7200811359026369,0.7565922920892495,0.7849898580121704,0.7545717277659592,0.023634649209834387,17,0.7543978349120433,0.7571041948579161,0.7548488949030221,0.7543978349120433,0.7561470787277239,0.7536656891495601,0.757726144822919,0.7552447552447552,0.7561470787277239,0.752086623054365,0.7551766129312073,0.0015891901609165907
0.066145920753479,0.005030926435282406,0.004669451713562011,0.0038892338465792075,0.1,l2,newton-cg,"{'C': 0.1, 'penalty': 'l2', 'solver': 'newton-cg'}",0.7934560327198363,0.78125,0.7795193312434692,0.7613997879109226,0.75564681724846,0.7905056759545924,0.7623126338329764,0.7497360084477296,0.7698658410732714,0.7954779033915724,0.7739170031822831,0.015598920669302869,35,0.7750231696014829,0.7763644773358002,0.7753967334646125,0.7742159472283301,0.7759638763459535,0.7728429331482766,0.7770067083044182,0.7752691906912124,0.7761055799953692,0.7726535341830822,0.7750842150298538,0.0013774286015976439,0.8696866397797836,0.8717231611292492,0.8777206964983035,0.8606403239229243,0.8513788702585707,0.8756156206616497,0.8653176022500411,0.85858028173522,0.8626970886293714,0.8752995587135077,0.8668659843578622,0.008149195962692571,36,0.86872237800882,0.8683050536698166,0.8676438250124323,0.8692888702379633,0.8703992208445616,0.8678618188496207,0.8690752730321305,0.8697408032822683,0.8691921384449126,0.8678477910485933,0.868807717243112,0.0008535331207503125,0.798,0.79,0.789,0.775,0.762,0.797,0.778,0.763,0.777,0.801,0.7830000000000001,0.013401492454200775,34,0.7842222222222223,0.7851111111111111,0.7845555555555556,0.7832222222222223,0.785,0.7817777777777778,0.7857777777777778,0.7843333333333333,0.7851111111111111,0.782,0.7841111111111111,0.0012852438880818812,0.7886178861788617,0.7621951219512195,0.758130081300813,0.7296747967479674,0.7464503042596349,0.7768762677484787,0.7221095334685599,0.7200811359026369,0.7565922920892495,0.7849898580121704,0.7545717277659592,0.023634649209834387,17,0.7543978349120433,0.7571041948579161,0.7548488949030221,0.7543978349120433,0.7559214978569817,0.7536656891495601,0.757726144822919,0.7552447552447552,0.7561470787277239,0.752086623054365,0.7551540548441331,0.0015768073659472102
0.037776613235473634,0.006511356965333584,0.003563809394836426,0.0004437030104370753,0.001,l2,liblinear,"{'C': 0.001, 'penalty': 'l2', 'solver': 'liblinear'}",0.7829534192269573,0.7747035573122529,0.7610619469026549,0.76162215628091,0.7420901246404602,0.7766990291262137,0.7637474541751529,0.7517587939698493,0.7567030784508442,0.7834645669291339,0.7654804127014428,0.012998083058425505,38,0.7646671061305208,0.7659574468085105,0.7656164233175979,0.7663264186148613,0.7698055158773761,0.7648482182138143,0.7667324994513933,0.7686395080707149,0.7669519420671495,0.7641312698935353,0.7663676348445474,0.001684962902356771,0.8562231931374431,0.8623007489917418,0.8535305038089751,0.8430838294603419,0.8270741065248789,0.8557597289068657,0.8546915195378294,0.8372921092534137,0.8432572784265716,0.8622089929626208,0.8495422011010684,0.010885928289476468,38,0.8501822416713443,0.8494858943484338,0.849966145804006,0.8514104070979417,0.8527448874962948,0.8498508632358057,0.8508115700314999,0.8521275160701056,0.8512174377816395,0.8493012105251381,0.8507098174062209,0.001093690294516358,0.781,0.772,0.757,0.759,0.731,0.77,0.768,0.753,0.755,0.78,0.7626,0.014164744967700631,42,0.762,0.7628888888888888,0.7627777777777778,0.7634444444444445,0.7672222222222222,0.7624444444444445,0.7637777777777778,0.7658888888888888,0.764,0.7612222222222222,0.7635666666666666,0.0017115800223300953,0.8028455284552846,0.7967479674796748,0.7865853658536586,0.782520325203252,0.7849898580121704,0.8113590263691683,0.7606490872210954,0.7586206896551724,0.7728194726166329,0.8073022312373225,0.7864439552103433,0.01753190759207226,2,0.7848443843031123,0.7875507442489851,0.7864230942715381,0.7873252142534957,0.7902097902097902,0.784344687570494,0.7881795623731107,0.7895330475975637,0.7884051432438529,0.7852470110534626,0.7872062679125407,0.001875410644856023
0.04554452896118164,0.007578086050417627,0.0035789012908935547,0.0004901001809676482,0.001,l2,sag,"{'C': 0.001, 'penalty': 'l2', 'solver': 'sag'}",0.7784679089026916,0.764525993883792,0.7440904419321686,0.7606217616580311,0.743202416918429,0.7679837892603849,0.7542735042735043,0.7414330218068537,0.7546391752577319,0.7839506172839505,0.7593188631177539,0.013914758574586268,39,0.7582493125572868,0.7593631886381857,0.7603438395415472,0.7603892386949056,0.7614248081548505,0.7591107036442815,0.7597076290543627,0.7624942686840899,0.759647314783007,0.7582417582417582,0.7598972061994275,0.0012640445497532436,0.8560991613853146,0.8621367069969913,0.8534504833237309,0.8430638243390309,0.8268780681013479,0.8555796936199496,0.8546755164012146,0.8373841272889486,0.8429332149101223,0.8622770062932335,0.8494477802659886,0.010903706142795108,41,0.8500139091648554,0.8493826622655224,0.8498777317234265,0.8512963084799872,0.8527009765275868,0.8497702033798998,0.8506776638040897,0.85203218629552,0.8510809136899533,0.8492263791217718,0.8506058934452614,0.0011004339875035625,0.786,0.769,0.751,0.769,0.745,0.771,0.77,0.751,0.762,0.79,0.7664000000000001,0.01392982411949269,38,0.7655555555555555,0.7665555555555555,0.7676666666666667,0.7674444444444445,0.7685555555555555,0.7664444444444445,0.7662222222222222,0.7697777777777778,0.7667777777777778,0.7653333333333333,0.7670333333333332,0.0012958147253636027,0.7642276422764228,0.7621951219512195,0.7357723577235772,0.7459349593495935,0.7484787018255578,0.768762677484787,0.716024340770791,0.7241379310344828,0.742393509127789,0.7728194726166329,0.7480746714160853,0.018136040754493182,40,0.7462787550744249,0.7476319350473613,0.7480829950383401,0.7489851150202977,0.7498308143469434,0.7471238438980374,0.7502819760884277,0.7502819760884277,0.7482517482517482,0.7471238438980374,0.7483873002752046,0.0013394352456391966
0.02241537570953369,0.005372279362589338,0.003580045700073242,0.0004548523608188229,0.001,l2,lbfgs,"{'C': 0.001, 'penalty': 'l2', 'solver': 'lbfgs'}",0.7784679089026916,0.764525993883792,0.7440904419321686,0.7606217616580311,0.743202416918429,0.7679837892603849,0.7542735042735043,0.7414330218068537,0.7546391752577319,0.7839506172839505,0.7593188631177539,0.013914758574586268,39,0.7582493125572868,0.7592210767468499,0.7603438395415472,0.7602473093656972,0.7614248081548505,0.7591107036442815,0.7599680109676682,0.7624942686840899,0.759647314783007,0.7582417582417582,0.7598948402687037,0.0012648935375736386,0.8561031624095768,0.8621247039242046,0.8534504833237309,0.8430718263875553,0.8268740673171942,0.8555756928357959,0.8546755164012146,0.8373881280731023,0.8429332149101223,0.8623050117823093,0.8494501807364806,0.010905544900783482,40,0.8500145512782897,0.8493842922457789,0.8498774353633799,0.851308854388628,0.8526992477492913,0.8497708948912182,0.8506748977588169,0.8520318405398608,0.851080469146963,0.8492252924611288,0.8506067775823356,0.0011007050109072614,0.786,0.769,0.751,0.769,0.745,0.771,0.77,0.751,0.762,0.79,0.7664000000000001,0.01392982411949269,38,0.7655555555555555,0.7664444444444445,0.7676666666666667,0.7673333333333333,0.7685555555555555,0.7664444444444445,0.7665555555555555,0.7697777777777778,0.7667777777777778,0.7653333333333333,0.7670444444444444,0.0012806248474865728,0.7642276422764228,0.7621951219512195,0.7357723577235772,0.7459349593495935,0.7484787018255578,0.768762677484787,0.716024340770791,0.7241379310344828,0.742393509127789,0.7728194726166329,0.7480746714160853,0.018136040754493182,40,0.7462787550744249,0.747406405051872,0.7480829950383401,0.7487595850248083,0.7498308143469434,0.7471238438980374,0.7502819760884277,0.7502819760884277,0.7482517482517482,0.7471238438980374,0.7483421942761067,0.0013451139185257834
0.0673790454864502,0.004570677415386753,0.003286862373352051,0.00037880628499555036,0.001,l2,saga,"{'C': 0.001, 'penalty': 'l2', 'solver': 'saga'}",0.7784679089026916,0.764525993883792,0.7440904419321686,0.7606217616580311,0.743202416918429,0.7679837892603849,0.7542735042735043,0.7414330218068537,0.7546391752577319,0.7839506172839505,0.7593188631177539,0.013914758574586268,39,0.7582493125572868,0.7592210767468499,0.7603438395415472,0.7602473093656972,0.7614248081548505,0.7591107036442815,0.7599680109676682,0.7624942686840899,0.759647314783007,0.7582417582417582,0.7598948402687037,0.0012648935375736386,0.8561031624095768,0.8621407080212535,0.8534464822994686,0.8430638243390308,0.8268740673171942,0.8555716920516422,0.8546715156170609,0.8373881280731023,0.8429092102052003,0.8622930094298482,0.8494461799763379,0.010907333572851662,42,0.8500151933917242,0.8493848849658722,0.8498752126630301,0.8513086568152637,0.8527000380479406,0.8497700058052375,0.8506751941208102,0.8520306550918868,0.8510805185406286,0.8492241564068203,0.8506064515849214,0.0011009505087007008,0.786,0.769,0.751,0.769,0.745,0.771,0.77,0.751,0.762,0.79,0.7664000000000001,0.01392982411949269,38,0.7655555555555555,0.7664444444444445,0.7676666666666667,0.7673333333333333,0.7685555555555555,0.7664444444444445,0.7665555555555555,0.7697777777777778,0.7667777777777778,0.7653333333333333,0.7670444444444444,0.0012806248474865728,0.7642276422764228,0.7621951219512195,0.7357723577235772,0.7459349593495935,0.7484787018255578,0.768762677484787,0.716024340770791,0.7241379310344828,0.742393509127789,0.7728194726166329,0.7480746714160853,0.018136040754493182,40,0.7462787550744249,0.747406405051872,0.7480829950383401,0.7487595850248083,0.7498308143469434,0.7471238438980374,0.7502819760884277,0.7502819760884277,0.7482517482517482,0.7471238438980374,0.7483421942761067,0.0013451139185257834
0.07894186973571778,0.005510775800449572,0.0038005590438842775,0.000394563531119523,0.001,l2,newton-cg,"{'C': 0.001, 'penalty': 'l2', 'solver': 'newton-cg'}",0.7784679089026916,0.764525993883792,0.7440904419321686,0.7606217616580311,0.743202416918429,0.7679837892603849,0.7542735042735043,0.7414330218068537,0.7546391752577319,0.7839506172839505,0.7593188631177539,0.013914758574586268,39,0.7582493125572868,0.7592210767468499,0.7603438395415472,0.7602473093656972,0.7614248081548505,0.7591107036442815,0.7599680109676682,0.7624942686840899,0.759647314783007,0.7582417582417582,0.7598948402687037,0.0012648935375736386,0.8560991613853146,0.8621367069969912,0.8534504833237309,0.8430718263875553,0.8268780681013478,0.8555836944041033,0.8546715156170609,0.8373841272889486,0.8429332149101223,0.8623010109981555,0.849450980941333,0.010906097538845562,39,0.8500143043115842,0.8493836007390034,0.8498769908233099,0.8513085086352403,0.8526998898669439,0.8497705491355589,0.8506749471524824,0.8520314453905362,0.8510798270293103,0.8492246009498106,0.8506064664033781,0.0011009591686584278,0.786,0.769,0.751,0.769,0.745,0.771,0.77,0.751,0.762,0.79,0.7664000000000001,0.01392982411949269,38,0.7655555555555555,0.7664444444444445,0.7676666666666667,0.7673333333333333,0.7685555555555555,0.7664444444444445,0.7665555555555555,0.7697777777777778,0.7667777777777778,0.7653333333333333,0.7670444444444444,0.0012806248474865728,0.7642276422764228,0.7621951219512195,0.7357723577235772,0.7459349593495935,0.7484787018255578,0.768762677484787,0.716024340770791,0.7241379310344828,0.742393509127789,0.7728194726166329,0.7480746714160853,0.018136040754493182,40,0.7462787550744249,0.747406405051872,0.7480829950383401,0.7487595850248083,0.7498308143469434,0.7471238438980374,0.7502819760884277,0.7502819760884277,0.7482517482517482,0.7471238438980374,0.7483421942761067,0.0013451139185257834
0.031748270988464354,0.003044510251122308,0.0041563987731933595,0.00020964881401856303,0.001,l1,liblinear,"{'C': 0.001, 'penalty': 'l1', 'solver': 'liblinear'}",0.7693693693693694,0.7495495495495496,0.7434270172257479,0.7256317689530687,0.738898756660746,0.7361740707162286,0.7525298988040479,0.7603603603603604,0.745974955277281,0.7513611615245008,0.74732769084409,0.011777788097699464,43,0.7418480987257949,0.7458613424300191,0.7478435305917753,0.7497241448490322,0.7496731368802172,0.7474200981865544,0.7461700210273355,0.7471887550200804,0.747641035936559,0.746693386773547,0.7470063550420915,0.002110031007236392,0.828360060175405,0.836436127648678,0.8302445426029064,0.7993786409320787,0.8085804817744278,0.8241575348768359,0.8256798332473164,0.8216270388996244,0.8121511816315998,0.8199987197490708,0.8206614161537942,0.010535917109391134,44,0.8176871034579092,0.8185106386341674,0.8201524238991855,0.8230760651525829,0.8245435741286056,0.8200565300623927,0.820564568609802,0.8225303871065541,0.8222754417016196,0.8223315282088952,0.8211728260961714,0.002031757955624689,0.744,0.722,0.717,0.696,0.706,0.709,0.731,0.734,0.716,0.726,0.7201,0.013604778572251749,44,0.7141111111111111,0.7185555555555555,0.7206666666666667,0.7227777777777777,0.7234444444444444,0.7198888888888889,0.7183333333333334,0.7202222222222222,0.7206666666666667,0.7191111111111111,0.7197777777777776,0.00245703826527732,0.8678861788617886,0.8455284552845529,0.8333333333333334,0.8170731707317073,0.8438133874239351,0.8235294117647058,0.8296146044624746,0.8559837728194726,0.845841784989858,0.8397565922920892,0.8402360691963917,0.01435644378350365,1,0.8337843933243121,0.8382949932341002,0.8407758231844835,0.8428055931438881,0.8407399052560343,0.8414166478682608,0.8405143243852922,0.8393864200315814,0.8400631626438078,0.8405143243852922,0.8398295587457053,0.00230624037610921
0.06998846530914307,0.0054591988051061234,0.0034935712814331056,0.0006408292561598685,0.001,l1,saga,"{'C': 0.001, 'penalty': 'l1', 'solver': 'saga'}",0.7484787018255579,0.7586912065439673,0.7567010309278351,0.7154639175257732,0.7311178247734139,0.7527975584944048,0.7443298969072164,0.7489795918367347,0.7293156281920328,0.7443298969072164,0.7430205253934153,0.012984271456423105,44,0.7423312883435582,0.7424673109721431,0.7424018212862834,0.7463973675252468,0.7459902172676601,0.7423570860325037,0.7420896881402231,0.7432740538075696,0.7445720131863134,0.7438955139125496,0.7435776360474051,0.0015108244172242083,0.8344136098841303,0.8412193521541513,0.8352998367582101,0.8032956436847833,0.8115190577353161,0.8282823433392945,0.8292805389856412,0.8254457873743254,0.8158999163836111,0.8230673211949542,0.824772340749442,0.011072077312009607,43,0.823327131505424,0.8231670229902294,0.8250256944160432,0.8265779542503069,0.8282037682328691,0.824070852052092,0.8242323940353987,0.8271934948937569,0.8258455170630171,0.8255639978659961,0.8253207827305135,0.001586850849865464,0.752,0.764,0.764,0.724,0.733,0.757,0.752,0.754,0.735,0.752,0.7487,0.012814444974324884,43,0.748,0.7483333333333333,0.7485555555555555,0.7516666666666667,0.7518888888888889,0.7481111111111111,0.7482222222222222,0.7497777777777778,0.7503333333333333,0.7494444444444445,0.7494333333333334,0.0013855069937137412,0.75,0.7540650406504065,0.7459349593495935,0.7052845528455285,0.7363083164300203,0.7505070993914807,0.7322515212981744,0.744421906693712,0.7241379310344828,0.7322515212981744,0.7375162848991572,0.014113068324625944,44,0.7368064952638701,0.7363554352728913,0.7354533152909337,0.7417681551646369,0.7396796751635462,0.7367471238438981,0.7353936386194451,0.7353936386194451,0.7387773516805775,0.7387773516805775,0.7375152180599822,0.0020408161513366095
0.0015200138092041015,0.0003830539352141843,0.0,0.0,0.001,l1,sag,"{'C': 0.001, 'penalty': 'l1', 'solver': 'sag'}",,,,,,,,,,,,,45,,,,,,,,,,,,,,,,,,,,,,,,,56,,,,,,,,,,,,,,,,,,,,,,,,,45,,,,,,,,,,,,,,,,,,,,,,,,,55,,,,,,,,,,,,
0.0006221771240234375,0.00032176657688169234,0.0,0.0,10.0,elasticnet,newton-cg,"{'C': 10.0, 'penalty': 'elasticnet', 'solver': 'newton-cg'}",,,,,,,,,,,,,46,,,,,,,,,,,,,,,,,,,,,,,,,54,,,,,,,,,,,,,,,,,,,,,,,,,46,,,,,,,,,,,,,,,,,,,,,,,,,50,,,,,,,,,,,,
0.0011419296264648438,9.6666206484271e-05,0.0,0.0,10.0,elasticnet,lbfgs,"{'C': 10.0, 'penalty': 'elasticnet', 'solver': 'lbfgs'}",,,,,,,,,,,,,47,,,,,,,,,,,,,,,,,,,,,,,,,52,,,,,,,,,,,,,,,,,,,,,,,,,47,,,,,,,,,,,,,,,,,,,,,,,,,51,,,,,,,,,,,,
0.0011147260665893555,0.00012659789700995554,0.0,0.0,10.0,elasticnet,liblinear,"{'C': 10.0, 'penalty': 'elasticnet', 'solver': 'liblinear'}",,,,,,,,,,,,,48,,,,,,,,,,,,,,,,,,,,,,,,,51,,,,,,,,,,,,,,,,,,,,,,,,,48,,,,,,,,,,,,,,,,,,,,,,,,,52,,,,,,,,,,,,
0.0012227296829223633,0.00016333942708039915,0.0,0.0,10.0,elasticnet,sag,"{'C': 10.0, 'penalty': 'elasticnet', 'solver': 'sag'}",,,,,,,,,,,,,49,,,,,,,,,,,,,,,,,,,,,,,,,55,,,,,,,,,,,,,,,,,,,,,,,,,49,,,,,,,,,,,,,,,,,,,,,,,,,53,,,,,,,,,,,,
0.0012734174728393556,0.00013435843957427485,0.0,0.0,10.0,elasticnet,saga,"{'C': 10.0, 'penalty': 'elasticnet', 'solver': 'saga'}",,,,,,,,,,,,,50,,,,,,,,,,,,,,,,,,,,,,,,,45,,,,,,,,,,,,,,,,,,,,,,,,,50,,,,,,,,,,,,,,,,,,,,,,,,,54,,,,,,,,,,,,
0.0028468608856201173,0.00040656591593374753,0.0,0.0,0.001,l1,lbfgs,"{'C': 0.001, 'penalty': 'l1', 'solver': 'lbfgs'}",,,,,,,,,,,,,51,,,,,,,,,,,,,,,,,,,,,,,,,53,,,,,,,,,,,,,,,,,,,,,,,,,51,,,,,,,,,,,,,,,,,,,,,,,,,56,,,,,,,,,,,,
0.0004682302474975586,0.00026135699653355747,0.0,0.0,10.0,l1,sag,"{'C': 10.0, 'penalty': 'l1', 'solver': 'sag'}",,,,,,,,,,,,,52,,,,,,,,,,,,,,,,,,,,,,,,,49,,,,,,,,,,,,,,,,,,,,,,,,,52,,,,,,,,,,,,,,,,,,,,,,,,,48,,,,,,,,,,,,
0.0012053966522216797,0.00015538032750511043,0.0,0.0,10.0,none,liblinear,"{'C': 10.0, 'penalty': 'none', 'solver': 'liblinear'}",,,,,,,,,,,,,53,,,,,,,,,,,,,,,,,,,,,,,,,46,,,,,,,,,,,,,,,,,,,,,,,,,53,,,,,,,,,,,,,,,,,,,,,,,,,57,,,,,,,,,,,,
0.00044362545013427735,0.00020566368746242526,0.0,0.0,10.0,l1,lbfgs,"{'C': 10.0, 'penalty': 'l1', 'solver': 'lbfgs'}",,,,,,,,,,,,,54,,,,,,,,,,,,,,,,,,,,,,,,,50,,,,,,,,,,,,,,,,,,,,,,,,,54,,,,,,,,,,,,,,,,,,,,,,,,,47,,,,,,,,,,,,
0.0005079984664916992,0.00024152868333007465,0.0,0.0,10.0,l1,newton-cg,"{'C': 10.0, 'penalty': 'l1', 'solver': 'newton-cg'}",,,,,,,,,,,,,55,,,,,,,,,,,,,,,,,,,,,,,,,47,,,,,,,,,,,,,,,,,,,,,,,,,55,,,,,,,,,,,,,,,,,,,,,,,,,58,,,,,,,,,,,,
0.000698995590209961,0.0003245393388210097,0.0,0.0,0.001,elasticnet,newton-cg,"{'C': 0.001, 'penalty': 'elasticnet', 'solver': 'newton-cg'}",,,,,,,,,,,,,56,,,,,,,,,,,,,,,,,,,,,,,,,62,,,,,,,,,,,,,,,,,,,,,,,,,56,,,,,,,,,,,,,,,,,,,,,,,,,45,,,,,,,,,,,,
0.0007897615432739258,0.00037500185593333633,0.0,0.0,0.001,elasticnet,lbfgs,"{'C': 0.001, 'penalty': 'elasticnet', 'solver': 'lbfgs'}",,,,,,,,,,,,,57,,,,,,,,,,,,,,,,,,,,,,,,,75,,,,,,,,,,,,,,,,,,,,,,,,,57,,,,,,,,,,,,,,,,,,,,,,,,,46,,,,,,,,,,,,
0.0006425619125366211,0.00042796389238988736,0.0,0.0,1.0,elasticnet,newton-cg,"{'C': 1.0, 'penalty': 'elasticnet', 'solver': 'newton-cg'}",,,,,,,,,,,,,58,,,,,,,,,,,,,,,,,,,,,,,,,76,,,,,,,,,,,,,,,,,,,,,,,,,73,,,,,,,,,,,,,,,,,,,,,,,,,74,,,,,,,,,,,,
0.0006572246551513672,0.00027760536702037264,0.0,0.0,0.001,elasticnet,liblinear,"{'C': 0.001, 'penalty': 'elasticnet', 'solver': 'liblinear'}",,,,,,,,,,,,,59,,,,,,,,,,,,,,,,,,,,,,,,,57,,,,,,,,,,,,,,,,,,,,,,,,,59,,,,,,,,,,,,,,,,,,,,,,,,,59,,,,,,,,,,,,
0.00048758983612060545,0.00018629068610390802,0.0,0.0,0.1,l1,sag,"{'C': 0.1, 'penalty': 'l1', 'solver': 'sag'}",,,,,,,,,,,,,60,,,,,,,,,,,,,,,,,,,,,,,,,65,,,,,,,,,,,,,,,,,,,,,,,,,74,,,,,,,,,,,,,,,,,,,,,,,,,66,,,,,,,,,,,,
0.0005964994430541992,0.0003816545522988736,0.0,0.0,0.1,elasticnet,newton-cg,"{'C': 0.1, 'penalty': 'elasticnet', 'solver': 'newton-cg'}",,,,,,,,,,,,,61,,,,,,,,,,,,,,,,,,,,,,,,,66,,,,,,,,,,,,,,,,,,,,,,,,,60,,,,,,,,,,,,,,,,,,,,,,,,,49,,,,,,,,,,,,
0.0005604267120361328,0.0002781546951473827,0.0,0.0,0.1,elasticnet,lbfgs,"{'C': 0.1, 'penalty': 'elasticnet', 'solver': 'lbfgs'}",,,,,,,,,,,,,62,,,,,,,,,,,,,,,,,,,,,,,,,67,,,,,,,,,,,,,,,,,,,,,,,,,61,,,,,,,,,,,,,,,,,,,,,,,,,62,,,,,,,,,,,,
0.0007015705108642578,0.0005413782724147094,0.0,0.0,0.1,elasticnet,liblinear,"{'C': 0.1, 'penalty': 'elasticnet', 'solver': 'liblinear'}",,,,,,,,,,,,,63,,,,,,,,,,,,,,,,,,,,,,,,,69,,,,,,,,,,,,,,,,,,,,,,,,,62,,,,,,,,,,,,,,,,,,,,,,,,,63,,,,,,,,,,,,
0.0005571365356445313,0.0003476139580106278,0.0,0.0,0.1,elasticnet,sag,"{'C': 0.1, 'penalty': 'elasticnet', 'solver': 'sag'}",,,,,,,,,,,,,64,,,,,,,,,,,,,,,,,,,,,,,,,79,,,,,,,,,,,,,,,,,,,,,,,,,63,,,,,,,,,,,,,,,,,,,,,,,,,64,,,,,,,,,,,,
0.0006962299346923828,0.0003847422420227189,0.0,0.0,0.1,elasticnet,saga,"{'C': 0.1, 'penalty': 'elasticnet', 'solver': 'saga'}",,,,,,,,,,,,,65,,,,,,,,,,,,,,,,,,,,,,,,,70,,,,,,,,,,,,,,,,,,,,,,,,,64,,,,,,,,,,,,,,,,,,,,,,,,,65,,,,,,,,,,,,
0.0007012367248535156,0.0003232977348020399,0.0,0.0,0.1,l1,newton-cg,"{'C': 0.1, 'penalty': 'l1', 'solver': 'newton-cg'}",,,,,,,,,,,,,66,,,,,,,,,,,,,,,,,,,,,,,,,63,,,,,,,,,,,,,,,,,,,,,,,,,67,,,,,,,,,,,,,,,,,,,,,,,,,69,,,,,,,,,,,,
0.0007161855697631836,0.0003182894362039735,0.0,0.0,0.001,none,liblinear,"{'C': 0.001, 'penalty': 'none', 'solver': 'liblinear'}",,,,,,,,,,,,,67,,,,,,,,,,,,,,,,,,,,,,,,,61,,,,,,,,,,,,,,,,,,,,,,,,,68,,,,,,,,,,,,,,,,,,,,,,,,,70,,,,,,,,,,,,
0.0008455753326416015,0.0007788115280820685,0.0,0.0,0.1,none,liblinear,"{'C': 0.1, 'penalty': 'none', 'solver': 'liblinear'}",,,,,,,,,,,,,68,,,,,,,,,,,,,,,,,,,,,,,,,71,,,,,,,,,,,,,,,,,,,,,,,,,66,,,,,,,,,,,,,,,,,,,,,,,,,68,,,,,,,,,,,,
0.0005345821380615234,0.000285658886152186,0.0,0.0,0.001,elasticnet,saga,"{'C': 0.001, 'penalty': 'elasticnet', 'solver': 'saga'}",,,,,,,,,,,,,69,,,,,,,,,,,,,,,,,,,,,,,,,60,,,,,,,,,,,,,,,,,,,,,,,,,72,,,,,,,,,,,,,,,,,,,,,,,,,78,,,,,,,,,,,,
0.0005856037139892578,0.0002518402890198707,0.0,0.0,1.0,l1,newton-cg,"{'C': 1.0, 'penalty': 'l1', 'solver': 'newton-cg'}",,,,,,,,,,,,,70,,,,,,,,,,,,,,,,,,,,,,,,,72,,,,,,,,,,,,,,,,,,,,,,,,,69,,,,,,,,,,,,,,,,,,,,,,,,,71,,,,,,,,,,,,
0.0004477500915527344,0.00025056492783561297,0.0,0.0,1.0,l1,lbfgs,"{'C': 1.0, 'penalty': 'l1', 'solver': 'lbfgs'}",,,,,,,,,,,,,71,,,,,,,,,,,,,,,,,,,,,,,,,73,,,,,,,,,,,,,,,,,,,,,,,,,70,,,,,,,,,,,,,,,,,,,,,,,,,72,,,,,,,,,,,,
0.00045583248138427737,0.00022569064503737038,0.0,0.0,1.0,l1,sag,"{'C': 1.0, 'penalty': 'l1', 'solver': 'sag'}",,,,,,,,,,,,,72,,,,,,,,,,,,,,,,,,,,,,,,,74,,,,,,,,,,,,,,,,,,,,,,,,,71,,,,,,,,,,,,,,,,,,,,,,,,,73,,,,,,,,,,,,
0.000649261474609375,0.00037774825992379545,0.0,0.0,0.1,l1,lbfgs,"{'C': 0.1, 'penalty': 'l1', 'solver': 'lbfgs'}",,,,,,,,,,,,,73,,,,,,,,,,,,,,,,,,,,,,,,,64,,,,,,,,,,,,,,,,,,,,,,,,,65,,,,,,,,,,,,,,,,,,,,,,,,,67,,,,,,,,,,,,
0.0005176305770874023,0.00032393109351920417,0.0,0.0,1.0,elasticnet,lbfgs,"{'C': 1.0, 'penalty': 'elasticnet', 'solver': 'lbfgs'}",,,,,,,,,,,,,74,,,,,,,,,,,,,,,,,,,,,,,,,77,,,,,,,,,,,,,,,,,,,,,,,,,58,,,,,,,,,,,,,,,,,,,,,,,,,75,,,,,,,,,,,,
0.00047936439514160154,0.00021406858466061851,0.0,0.0,1.0,elasticnet,liblinear,"{'C': 1.0, 'penalty': 'elasticnet', 'solver': 'liblinear'}",,,,,,,,,,,,,75,,,,,,,,,,,,,,,,,,,,,,,,,78,,,,,,,,,,,,,,,,,,,,,,,,,75,,,,,,,,,,,,,,,,,,,,,,,,,76,,,,,,,,,,,,
0.0005626440048217774,0.0003194607623360723,0.0,0.0,1.0,elasticnet,sag,"{'C': 1.0, 'penalty': 'elasticnet', 'solver': 'sag'}",,,,,,,,,,,,,76,,,,,,,,,,,,,,,,,,,,,,,,,58,,,,,,,,,,,,,,,,,,,,,,,,,76,,,,,,,,,,,,,,,,,,,,,,,,,77,,,,,,,,,,,,
0.0006191015243530273,0.0003373579094066638,0.0,0.0,1.0,elasticnet,saga,"{'C': 1.0, 'penalty': 'elasticnet', 'solver': 'saga'}",,,,,,,,,,,,,77,,,,,,,,,,,,,,,,,,,,,,,,,68,,,,,,,,,,,,,,,,,,,,,,,,,77,,,,,,,,,,,,,,,,,,,,,,,,,60,,,,,,,,,,,,
0.0004816293716430664,0.00023023331635744078,0.0,0.0,0.001,elasticnet,sag,"{'C': 0.001, 'penalty': 'elasticnet', 'solver': 'sag'}",,,,,,,,,,,,,78,,,,,,,,,,,,,,,,,,,,,,,,,59,,,,,,,,,,,,,,,,,,,,,,,,,78,,,,,,,,,,,,,,,,,,,,,,,,,79,,,,,,,,,,,,
0.0006068706512451172,0.0002934656742239104,0.0,0.0,1.0,none,liblinear,"{'C': 1.0, 'penalty': 'none', 'solver': 'liblinear'}",,,,,,,,,,,,,79,,,,,,,,,,,,,,,,,,,,,,,,,48,,,,,,,,,,,,,,,,,,,,,,,,,79,,,,,,,,,,,,,,,,,,,,,,,,,61,,,,,,,,,,,,
0.0032059907913208007,0.00022781324906541493,0.0,0.0,0.001,l1,newton-cg,"{'C': 0.001, 'penalty': 'l1', 'solver': 'newton-cg'}",,,,,,,,,,,,,80,,,,,,,,,,,,,,,,,,,,,,,,,80,,,,,,,,,,,,,,,,,,,,,,,,,80,,,,,,,,,,,,,,,,,,,,,,,,,80,,,,,,,,,,,,
