mean_fit_time,std_fit_time,mean_score_time,std_score_time,param_max_depth,param_min_samples_leaf,param_min_samples_split,params,split0_test_f1,split1_test_f1,split2_test_f1,split3_test_f1,split4_test_f1,split5_test_f1,split6_test_f1,split7_test_f1,split8_test_f1,split9_test_f1,mean_test_f1,std_test_f1,rank_test_f1,split0_train_f1,split1_train_f1,split2_train_f1,split3_train_f1,split4_train_f1,split5_train_f1,split6_train_f1,split7_train_f1,split8_train_f1,split9_train_f1,mean_train_f1,std_train_f1,split0_test_roc_auc,split1_test_roc_auc,split2_test_roc_auc,split3_test_roc_auc,split4_test_roc_auc,split5_test_roc_auc,split6_test_roc_auc,split7_test_roc_auc,split8_test_roc_auc,split9_test_roc_auc,mean_test_roc_auc,std_test_roc_auc,rank_test_roc_auc,split0_train_roc_auc,split1_train_roc_auc,split2_train_roc_auc,split3_train_roc_auc,split4_train_roc_auc,split5_train_roc_auc,split6_train_roc_auc,split7_train_roc_auc,split8_train_roc_auc,split9_train_roc_auc,mean_train_roc_auc,std_train_roc_auc,split0_test_accuracy,split1_test_accuracy,split2_test_accuracy,split3_test_accuracy,split4_test_accuracy,split5_test_accuracy,split6_test_accuracy,split7_test_accuracy,split8_test_accuracy,split9_test_accuracy,mean_test_accuracy,std_test_accuracy,rank_test_accuracy,split0_train_accuracy,split1_train_accuracy,split2_train_accuracy,split3_train_accuracy,split4_train_accuracy,split5_train_accuracy,split6_train_accuracy,split7_train_accuracy,split8_train_accuracy,split9_train_accuracy,mean_train_accuracy,std_train_accuracy,split0_test_recall,split1_test_recall,split2_test_recall,split3_test_recall,split4_test_recall,split5_test_recall,split6_test_recall,split7_test_recall,split8_test_recall,split9_test_recall,mean_test_recall,std_test_recall,rank_test_recall,split0_train_recall,split1_train_recall,split2_train_recall,split3_train_recall,split4_train_recall,split5_train_recall,split6_train_recall,split7_train_recall,split8_train_recall,split9_train_recall,mean_train_recall,std_train_recall
0.12784712314605712,0.01240470614089472,0.004424142837524414,0.0028101377087560203,10,3,8,"{'max_depth': 10, 'min_samples_leaf': 3, 'min_samples_split': 8}",0.7652533609100309,0.739084132055378,0.750524109014675,0.7520833333333334,0.7411167512690355,0.7569230769230769,0.7387198321091291,0.7329842931937172,0.731404958677686,0.7701612903225805,0.7478255137808644,0.012668950288060955,1,0.8764558118291847,0.8636951664118547,0.8669307853647169,0.8790957871903186,0.8801199953847929,0.8818808635695717,0.8771644392794886,0.8724691645333954,0.8700603575902517,0.8795166989627266,0.8747389070116303,0.0058358876874353375,0.8295963766724281,0.796203828180014,0.7977902342999809,0.8225865821650343,0.8088085264711883,0.8115690675372372,0.8097667142759981,0.7991946421498615,0.8118311188993044,0.8276722237558561,0.8115019314406903,0.011382649232936616,8,0.9524347558417998,0.9494263309183941,0.9501901989385964,0.951923263097978,0.9559418134716383,0.9559063982134113,0.9487427608026293,0.9492260531235788,0.9477608888212306,0.9521837952126772,0.9513736258441934,0.002706966585722042,0.773,0.755,0.762,0.762,0.745,0.763,0.751,0.745,0.74,0.772,0.7568,0.010879338215167327,1,0.8797777777777778,0.8712222222222222,0.8731111111111111,0.8823333333333333,0.8845555555555555,0.8838888888888888,0.8825555555555555,0.8782222222222222,0.8732222222222222,0.8825555555555555,0.8791444444444444,0.004698055810126317,0.7520325203252033,0.7052845528455285,0.7276422764227642,0.733739837398374,0.7403651115618661,0.7484787018255578,0.7139959432048681,0.7099391480730223,0.718052738336714,0.7748478701825557,0.7324378700176453,0.020779635501802448,7,0.8655841226883175,0.8281461434370772,0.8389715832205683,0.8682904826341904,0.8603654410106023,0.8799909767651704,0.8513422061809158,0.8457026844123618,0.8617189262350553,0.8702909993232574,0.8570403565907517,0.015023930338112657
0.12189133167266845,0.006302955072277823,0.003498363494873047,0.00018244184124835533,10,3,10,"{'max_depth': 10, 'min_samples_leaf': 3, 'min_samples_split': 10}",0.7673216132368149,0.7367303609341825,0.7554630593132154,0.7439916405433648,0.7393075356415479,0.7553735926305014,0.7419689119170984,0.728042328042328,0.7358684480986639,0.7670396744659206,0.7471107164823638,0.012800315248016288,2,0.8718124642652945,0.8606345475910694,0.864096890648655,0.874942634235888,0.8779641411220359,0.8791308284291534,0.8732132481115631,0.8662926601215521,0.8681518526937941,0.8766967035473936,0.8712935970766399,0.005938598451284202,0.8310687536009218,0.8019993118238269,0.809353194417771,0.8212942513283401,0.8147056823137335,0.8182003672719853,0.8079063496445303,0.801881168709067,0.8115550647926995,0.8268060539865816,0.8144770197889457,0.009380803473560908,5,0.9498275530281971,0.9473146174060948,0.948152896494673,0.949969089647136,0.9544288361010004,0.953965548214614,0.9463062700664855,0.9455342223765062,0.9462914519668089,0.9499579437634348,0.949174842906495,0.002941547073414509,0.775,0.752,0.765,0.755,0.744,0.761,0.751,0.743,0.743,0.771,0.756,0.011027239001672188,2,0.8754444444444445,0.8682222222222222,0.8703333333333333,0.8788888888888889,0.8827777777777778,0.8813333333333333,0.8787777777777778,0.8728888888888889,0.8711111111111111,0.8798888888888889,0.8759666666666668,0.004817163244939406,0.7540650406504065,0.7052845528455285,0.7378048780487805,0.7235772357723578,0.7363083164300203,0.7484787018255578,0.7261663286004056,0.6977687626774848,0.7261663286004056,0.7647058823529411,0.7320326027803888,0.01976065553057064,8,0.8597203428055932,0.8258908434821831,0.8367162832656744,0.8599458728010826,0.8560794044665012,0.8761561019625536,0.8475073313782991,0.8360027069704489,0.8614933453643131,0.866907286262125,0.8526419518758775,0.014908073870006809
0.15153512954711915,0.004334157582937931,0.003761887550354004,0.000895561259914337,20,3,8,"{'max_depth': 20, 'min_samples_leaf': 3, 'min_samples_split': 8}",0.7728194726166329,0.7467204843592331,0.7420349434737923,0.7497360084477297,0.7432567432567433,0.7414330218068537,0.7304526748971193,0.7494949494949494,0.7331256490134995,0.7563195146612739,0.7465393462027826,0.011406716142825903,3,0.9426911245300217,0.9393079977311402,0.9432930995217491,0.9429059829059829,0.9419531072160254,0.943559399180701,0.9394595827157679,0.9427891695932933,0.9416856492027335,0.9405737704918032,0.9418218883089218,0.001467773258456323,0.813034136739005,0.7878536905447794,0.7795495646885602,0.792526886883042,0.7768842693167861,0.8051058007369444,0.780979071898092,0.78358158199007,0.7858860336625978,0.791077051102016,0.7896478087561892,0.010910545666076223,18,0.9919126553840422,0.9909103657063218,0.9919867700923715,0.9919943766669018,0.991536271917266,0.9920381115596439,0.990887066273605,0.9917312534121762,0.9916380475652109,0.9912861670915591,0.9915921085669097,0.00041222491871256684,0.776,0.749,0.749,0.763,0.743,0.751,0.738,0.752,0.743,0.759,0.7523000000000001,0.010592922165295098,8,0.9441111111111111,0.9405555555555556,0.9446666666666667,0.9443333333333334,0.9433333333333334,0.9448888888888889,0.941,0.9438888888888889,0.9431111111111111,0.942,0.9431888888888889,0.001445341601725708,0.774390243902439,0.7520325203252033,0.733739837398374,0.7215447154471545,0.7545638945233266,0.7241379310344828,0.7200811359026369,0.7525354969574036,0.716024340770791,0.7586206896551724,0.7407670805916984,0.01908021976705318,1,0.9330175913396481,0.9336941813261164,0.9341452413170952,0.9330175913396481,0.9334536431310625,0.9352582900969998,0.9293931874577036,0.9386420031581322,0.9325513196480938,0.9318745770358674,0.9335047625850367,0.0022552402341310266
0.12081952095031738,0.009429156165933946,0.0034900188446044924,0.00015702602383625407,10,4,8,"{'max_depth': 10, 'min_samples_leaf': 4, 'min_samples_split': 8}",0.7740585774058577,0.728448275862069,0.7494780793319414,0.74120082815735,0.7565922920892496,0.7546777546777546,0.7286012526096033,0.7276550998948477,0.7378238341968912,0.7586206896551724,0.7457156683880738,0.014773458535495072,4,0.8736528319192847,0.8579565681737273,0.8674110258199582,0.8762649494020239,0.8780657103192967,0.8779049994331708,0.8716216216216216,0.8697273362852481,0.8677224564201891,0.8738687134837896,0.871419621287831,0.005784370436328587,0.8293083029255489,0.7990485564304463,0.7981323218743999,0.8187035881185585,0.8169861292813392,0.8135554568695464,0.8020892094850591,0.7920512420434406,0.8137094870594637,0.8221631439762194,0.8105747438064022,0.011462651369530777,9,0.95300423636808,0.9490327153831215,0.9516630589770323,0.951439677591881,0.9554721784992238,0.9545494554323672,0.9473768036776153,0.9487442920062625,0.9482471447621155,0.950446422419271,0.950997598511697,0.002592672805056086,0.784,0.748,0.76,0.75,0.76,0.764,0.74,0.741,0.747,0.762,0.7555999999999999,0.012555476892575617,3,0.8775555555555555,0.867,0.8733333333333333,0.8804444444444445,0.8828888888888888,0.8803333333333333,0.8775555555555555,0.8757777777777778,0.871,0.8776666666666667,0.8763555555555556,0.004533224399562644,0.7520325203252033,0.6869918699186992,0.7296747967479674,0.7276422764227642,0.7565922920892495,0.7363083164300203,0.7079107505070994,0.7018255578093306,0.7221095334685599,0.7586206896551724,0.7279708603374067,0.0228247761740766,11,0.8592692828146143,0.8152909336941814,0.8410013531799729,0.8592692828146143,0.8560794044665012,0.8734491315136477,0.8438980374464246,0.841867809609745,0.8590119557861493,0.8603654410106023,0.8509502632336453,0.015255652209826243
0.12009944915771484,0.010721401363577087,0.0033869504928588866,0.000123142651411774,10,3,12,"{'max_depth': 10, 'min_samples_leaf': 3, 'min_samples_split': 12}",0.7670103092783506,0.7336152219873149,0.7455497382198952,0.7520833333333334,0.7405900305188201,0.7530864197530864,0.7358490566037736,0.7265047518479408,0.7338877338877338,0.7665995975855131,0.7454776193015762,0.013277569674744936,5,0.8701610140459062,0.8585171281088692,0.8628045226716401,0.8724232707283556,0.8713807820971277,0.8775741117899977,0.8704179313565258,0.864278212160112,0.8648340367286415,0.8736157095558853,0.868600671924306,0.005494506348952826,0.8312407976441969,0.7993406312015877,0.7975381697714614,0.8320550060815568,0.8100367672063724,0.8175822461202394,0.816267988525751,0.8056499073818468,0.8171801673127932,0.8274821865085555,0.8154373867754362,0.011763276864667715,4,0.9483683502485769,0.9455234913742432,0.9473454388509449,0.9474791466253185,0.9506666193804642,0.9525528152882878,0.9446684995997384,0.9440748124361988,0.9438513060994114,0.9481069902360085,0.9472637470139192,0.0027039955086611235,0.774,0.748,0.757,0.762,0.745,0.76,0.748,0.741,0.744,0.768,0.7546999999999999,0.010592922165295098,4,0.8736666666666667,0.866,0.8692222222222222,0.8762222222222222,0.8761111111111111,0.8797777777777778,0.8766666666666667,0.8707777777777778,0.8683333333333333,0.877,0.8733777777777778,0.0042947570678217644,0.7560975609756098,0.7052845528455285,0.7235772357723578,0.733739837398374,0.7383367139959433,0.742393509127789,0.7119675456389453,0.6977687626774848,0.716024340770791,0.7728194726166329,0.7298009531819456,0.02227717739994373,9,0.8592692828146143,0.825214253495715,0.8346865133062698,0.8590437528191249,0.8520189487931423,0.8748026167381006,0.8409654861267765,0.8353259643582224,0.8551770809835326,0.8630724114595082,0.8499576310895007,0.014595934520624222
0.1425417423248291,0.00473579987290027,0.003629612922668457,0.0002990211382977705,20,5,10,"{'max_depth': 20, 'min_samples_leaf': 5, 'min_samples_split': 10}",0.7724974721941356,0.7374872318692542,0.7331319234642498,0.7365079365079364,0.7504990019960079,0.7458677685950412,0.7471620227038184,0.7341513292433539,0.7580645161290321,0.7326530612244898,0.7448022263927319,0.01225404596255646,6,0.9184578642101671,0.9175045703839122,0.9184984781873521,0.9166285975331202,0.9179767600820232,0.9194280526554699,0.9177193581427109,0.9175351155414592,0.9198283649503163,0.9182490051165435,0.9181826166803073,0.0008938960052299743,0.8254633186095641,0.7920227578260036,0.7932010594712247,0.7976141892324435,0.8005969169957312,0.8123772259362836,0.8003708726910475,0.7906929758232613,0.795511920336386,0.7967921712655681,0.8004643408187514,0.01016130823418396,13,0.9835574259825965,0.9827879518181788,0.9830081226361581,0.9826799779745213,0.9832403094197029,0.9837306403379988,0.9826935215416395,0.9827177985282762,0.983660896482188,0.9834150889053874,0.9831491733626647,0.0004012324646068934,0.775,0.743,0.735,0.751,0.75,0.754,0.755,0.74,0.76,0.738,0.7501,0.011335342959081575,12,0.9203333333333333,0.9197777777777778,0.9196666666666666,0.9188888888888889,0.92,0.9211111111111111,0.9196666666666666,0.9191111111111111,0.9211111111111111,0.9201111111111111,0.9199777777777778,0.0006988526752673995,0.7764227642276422,0.733739837398374,0.7398373983739838,0.7073170731707317,0.7626774847870182,0.7322515212981744,0.7342799188640974,0.7281947261663286,0.7626774847870182,0.7281947261663286,0.7405592935239698,0.0195726934943521,2,0.9106901217861976,0.9055029318899414,0.918809201623816,0.9050518718989625,0.908865328220167,0.9138281073764944,0.9095420708323935,0.9136025265057524,0.918790886532822,0.9108955560568464,0.9115578602723394,0.004535725934217128
0.11809010505676269,0.0031927395616276584,0.003727293014526367,0.00017653266379502486,10,5,8,"{'max_depth': 10, 'min_samples_leaf': 5, 'min_samples_split': 8}",0.7792746113989638,0.7328405491024287,0.7499999999999999,0.7346514047866806,0.7456940222897669,0.7487073422957602,0.7318611987381705,0.7139874739039666,0.7440904419321686,0.7558257345491388,0.7436932778997044,0.016444677500013088,7,0.8679549114331724,0.8553296509578093,0.8625856661633173,0.8726480036714089,0.8720608575380361,0.8706388763026732,0.8683538425818436,0.8649901494958859,0.8652626811594202,0.8713256319341186,0.8671150271237685,0.005047953405576599,0.8417894981115166,0.8073746879201076,0.8118098233147685,0.8187395973369183,0.8198987001452285,0.8155858548275462,0.8152257842537136,0.7927833855435664,0.8197026617216974,0.8194006025180934,0.8162310595693156,0.01159430501364259,2,0.9502383574461745,0.9463227744200186,0.9486943709965462,0.949447273695023,0.9524104133503964,0.9517183587018375,0.9451275643277168,0.9484035745010339,0.9466590149292848,0.9486279946206346,0.9487649696988667,0.0022007410152014794,0.787,0.747,0.76,0.745,0.749,0.757,0.745,0.726,0.751,0.759,0.7526,0.014725488107359987,7,0.8724444444444445,0.8632222222222222,0.8685555555555555,0.8766666666666667,0.8766666666666667,0.8731111111111111,0.874,0.8705555555555555,0.8677777777777778,0.875,0.8718,0.004079397195846659,0.7642276422764228,0.7052845528455285,0.7317073170731707,0.717479674796748,0.7464503042596349,0.7342799188640974,0.7058823529411765,0.6937119675456389,0.7342799188640974,0.7565922920892495,0.7289895941555764,0.022010745597891707,10,0.8509246729815065,0.8207036535859269,0.8373928732521425,0.8576905728461885,0.8533724340175953,0.866907286262125,0.8436724565756824,0.841867809609745,0.8619445071057974,0.8592375366568915,0.8493713802893602,0.013056290289509661
0.12917885780334473,0.015320609922509332,0.003501486778259277,0.0003318061360566612,10,5,12,"{'max_depth': 10, 'min_samples_leaf': 5, 'min_samples_split': 12}",0.7743271221532092,0.7311370882040382,0.743455497382199,0.7461139896373057,0.7424547283702213,0.752577319587629,0.7357293868921776,0.7174139728884255,0.7408949011446411,0.7520325203252032,0.7436136526585049,0.014190852006564393,8,0.8650948821161587,0.8529791984957105,0.8612529002320185,0.869355947742379,0.8684482165385939,0.869061150261423,0.8649784105496556,0.8614206128133706,0.8603326498063341,0.8681583476764199,0.8641082316232064,0.004924694262622518,0.8405711862236732,0.8090051053069586,0.8055322162473593,0.8281239997439345,0.8106848942392708,0.8205548287464344,0.8243375701637521,0.7996187252701529,0.8183143896203656,0.822427195730363,0.8179170111292265,0.01142808641212916,1,0.9482743300237819,0.9447978291033864,0.9475383692413044,0.9474094526210183,0.9499619940440129,0.950394238011577,0.9432305759039622,0.9466288353996103,0.9439445613400422,0.9469129971577401,0.9469093182846438,0.0022546084203902534,0.782,0.747,0.755,0.755,0.744,0.76,0.75,0.729,0.751,0.756,0.7529000000000001,0.012700000000000012,5,0.8696666666666667,0.861,0.8671111111111112,0.8733333333333333,0.8725555555555555,0.872,0.8714444444444445,0.8673333333333333,0.8637777777777778,0.8723333333333333,0.8690555555555555,0.003943818416674845,0.7601626016260162,0.6991869918699187,0.7215447154471545,0.7317073170731707,0.7484787018255578,0.7403651115618661,0.7058823529411765,0.6977687626774848,0.7221095334685599,0.7505070993914807,0.7277713187882385,0.021062223722279377,12,0.8482183130356338,0.818448353631033,0.8371673432566531,0.8554352728912945,0.8540491766298218,0.8623956688472818,0.8360027069704489,0.8371306113241597,0.8517933679224002,0.8533724340175953,0.8454013248526321,0.01235963280490417
0.15108630657196045,0.00772555137536791,0.0037313222885131834,0.00023965903999126182,20,3,12,"{'max_depth': 20, 'min_samples_leaf': 3, 'min_samples_split': 12}",0.7731958762886597,0.7499999999999999,0.7306122448979592,0.7484008528784649,0.7467467467467467,0.7334710743801653,0.7402862985685073,0.7311608961303463,0.7346514047866806,0.7428571428571428,0.7431382537534673,0.012105007364173647,9,0.9247091033538672,0.9225184344866705,0.9241819632881086,0.9187335695508059,0.9225865209471767,0.9229190421892817,0.9226361031518624,0.92018244013683,0.9239378711740521,0.9218409273499368,0.9224245975628593,0.0017295421736261138,0.8369362556814545,0.8028555310159402,0.7792454868446321,0.8124899974393445,0.7922592828194326,0.8075982892646958,0.7878084104484478,0.7921972706650504,0.7921052526295155,0.7966661465647267,0.8000161923373241,0.015361640633217667,14,0.9858053663296658,0.9850198393293886,0.986055049668956,0.9839043648105241,0.9851102054178824,0.9854422296379677,0.9852377645592645,0.9842312451387372,0.9857761802110108,0.9851613278617665,0.9851743572965163,0.0006436039804086762,0.78,0.752,0.736,0.764,0.747,0.742,0.746,0.736,0.745,0.748,0.7496,0.012682271089990165,13,0.9266666666666666,0.9241111111111111,0.9261111111111111,0.921,0.9244444444444444,0.9248888888888889,0.925,0.9222222222222223,0.926,0.9243333333333333,0.9244777777777777,0.0016600237987286898,0.7621951219512195,0.7560975609756098,0.7276422764227642,0.7134146341463414,0.7565922920892495,0.7200811359026369,0.7342799188640974,0.7281947261663286,0.716024340770791,0.7383367139959433,0.7352858721284982,0.016765344552046736,5,0.9140730717185386,0.9170049616599008,0.9140730717185386,0.906405051871899,0.9140536882472367,0.9129257838935259,0.9079630047371983,0.9102188134446199,0.9124746221520416,0.9059327769005189,0.9115124846344018,0.0035235316943951146
0.15466933250427245,0.014668211531821998,0.003522324562072754,0.00016625425344147677,20,3,10,"{'max_depth': 20, 'min_samples_leaf': 3, 'min_samples_split': 10}",0.773006134969325,0.7416413373860182,0.7383367139959433,0.7363927427961581,0.7527527527527528,0.7420349434737923,0.738241308793456,0.7296747967479675,0.7347781217750259,0.7443762781186095,0.7431235130809049,0.011546474597322658,10,0.9289967934035731,0.9306975687343786,0.9333181869817108,0.9304825062885891,0.9338352726443074,0.9335759781619654,0.931682714351215,0.9283027470648582,0.9311879493324204,0.9321493624772312,0.9314229079440249,0.0017812817426312425,0.8255253344856284,0.7984123935727546,0.7888319409768901,0.7892480475001599,0.7945017223375782,0.8074562614272397,0.7874223347776164,0.7807770322983304,0.7903909166196574,0.7965481234321927,0.7959114107428049,0.012020917499146959,16,0.9878617592999265,0.9882659203135251,0.989070636626822,0.9883076329900891,0.9891188224392065,0.9890076619947997,0.9884296820169174,0.9874045658812959,0.9883503063963167,0.9885862105431669,0.9884403198502065,0.0005161958336292468,0.778,0.745,0.742,0.753,0.753,0.749,0.744,0.734,0.743,0.75,0.7491000000000001,0.01106752004741804,15,0.9311111111111111,0.9322222222222222,0.9347777777777778,0.9324444444444444,0.9355555555555556,0.9351111111111111,0.9337777777777778,0.9301111111111111,0.933,0.9337777777777778,0.9331888888888888,0.001668184494045215,0.7682926829268293,0.7439024390243902,0.7398373983739838,0.7012195121951219,0.7626774847870182,0.7322515212981744,0.7322515212981744,0.7281947261663286,0.7221095334685599,0.7383367139959433,0.7369073533534525,0.018222400891180095,3,0.9147496617050067,0.9237708615245828,0.9264772214704555,0.917681551646369,0.9233025039476652,0.925783893525829,0.9167606586961425,0.9185653056620798,0.9203699526280171,0.9235280848184074,0.9210989695624555,0.0038279706451938914
0.14548144340515137,0.013801175219651834,0.003504323959350586,0.0001795836033119825,20,5,8,"{'max_depth': 20, 'min_samples_leaf': 5, 'min_samples_split': 8}",0.7690742624618515,0.736949846468782,0.7315096251266464,0.7336152219873149,0.7522750252780587,0.7425025853154085,0.7438016528925621,0.7254098360655739,0.7578520770010132,0.7368421052631579,0.7429832237860369,0.012615091628902739,11,0.9173789173789174,0.916942762481435,0.9180845070422535,0.9168,0.9177114201048552,0.919972795284516,0.9175586426782054,0.9167989118113806,0.9201126760563381,0.9177459668257214,0.9179106599663622,0.0011406735511289043,0.8290482363485052,0.7960717943793612,0.7949475065616799,0.7997847448946931,0.8106868946313477,0.8089805601897972,0.7912430836443942,0.7862981144304283,0.8023312569263576,0.803333453356858,0.8022725645363422,0.011441116483484962,12,0.9832192791693858,0.9826025045189969,0.9828682159974758,0.9828573494624325,0.9831596989574627,0.9837246637044628,0.9825777180926676,0.9826124418395763,0.9835814714679219,0.9831683675457734,0.9830371710756154,0.0003841362517569082,0.773,0.743,0.735,0.748,0.755,0.751,0.752,0.732,0.761,0.74,0.7490000000000001,0.011713240371477068,16,0.9194444444444444,0.9192222222222223,0.9192222222222223,0.9191111111111111,0.9197777777777778,0.9215555555555556,0.9195555555555556,0.9184444444444444,0.9212222222222223,0.9195555555555556,0.9197111111111113,0.0009083970415986682,0.7682926829268293,0.7317073170731707,0.733739837398374,0.7052845528455285,0.7545638945233266,0.7281947261663286,0.7302231237322515,0.718052738336714,0.7586206896551724,0.7383367139959433,0.736701627665364,0.018119165337535516,4,0.9077582318448354,0.9050518718989625,0.918809201623816,0.9046008119079838,0.9081885856079405,0.9154071734716897,0.908865328220167,0.9122490412812994,0.9210466952402436,0.9111211369275886,0.9113098078024526,0.005303372834348034
0.11949398517608642,0.007602303139191064,0.003479480743408203,0.00019152955560433241,10,4,12,"{'max_depth': 10, 'min_samples_leaf': 4, 'min_samples_split': 12}",0.7682672233820458,0.7251336898395722,0.7429760665972944,0.7432712215320909,0.7466937945066124,0.7512899896800825,0.7345225603357818,0.7203389830508475,0.7374999999999999,0.7573604060913706,0.7427353935015698,0.013642725411061355,12,0.867500286795916,0.8544423440453687,0.8640686615634423,0.871405567057741,0.8703170028818443,0.8733545165683159,0.8642815249266863,0.8632707774798928,0.863076220903697,0.8693461582503149,0.8661063060473218,0.005210949860326685,0.8352338198578837,0.8021073394789066,0.7970380417386851,0.8243330292554893,0.8153498085624782,0.8164240191077452,0.8199547111233801,0.799330668811087,0.8181103496285272,0.826590011642282,0.8154471799206464,0.011830451325108862,3,0.9490001157779916,0.9458062435554039,0.9486062038826722,0.9480149408929643,0.9506098166650374,0.9513993991063007,0.942673687021286,0.9447627180168482,0.9448438718094101,0.9473016759122553,0.9473018672640171,0.0026262535234888354,0.778,0.743,0.753,0.752,0.751,0.759,0.747,0.736,0.748,0.761,0.7528,0.01086093918590838,6,0.8716666666666667,0.8631111111111112,0.8697777777777778,0.8757777777777778,0.875,0.876,0.8714444444444445,0.8696666666666667,0.8666666666666667,0.8732222222222222,0.8712333333333333,0.003913398952065145,0.7479674796747967,0.6890243902439024,0.725609756097561,0.7296747967479674,0.744421906693712,0.7383367139959433,0.7099391480730223,0.6896551724137931,0.718052738336714,0.7565922920892495,0.724927439436666,0.022184283532445965,17,0.8527289129454217,0.8155164636896707,0.8400992331980154,0.8543076229138475,0.851567787051658,0.8680351906158358,0.8310399278141214,0.8353259643582224,0.8531468531468531,0.8563049853372434,0.845807294107089,0.014455267049244179
0.12115242481231689,0.010880116986036859,0.0035012006759643556,0.0002784576405710805,10,5,10,"{'max_depth': 10, 'min_samples_leaf': 5, 'min_samples_split': 10}",0.7741273100616016,0.7367303609341825,0.7444794952681387,0.738269030239833,0.7429149797570851,0.7505154639175259,0.726890756302521,0.7160751565762006,0.7469135802469136,0.7461773700305809,0.7423093503334582,0.014471955500506195,13,0.8679852805887764,0.8556652562294312,0.8625856661633173,0.8725478949179764,0.8722791661868018,0.8708763178777917,0.8686165273909007,0.8650904033379694,0.8652626811594202,0.8714661783220785,0.8672375372174465,0.0050126701250142345,0.8324231003136804,0.8118078228026375,0.8105214935023366,0.8211322098457206,0.8117511032162303,0.8155658509067777,0.8112330016683269,0.7909970354189422,0.8182863841312897,0.8185544366695872,0.814227243847553,0.00995030833942939,6,0.9502393947063378,0.9465705314190054,0.9487103250457234,0.9493374722977447,0.952464968654039,0.9514759098942971,0.9453139266279819,0.9483911272973056,0.9466590149292848,0.9487060366122643,0.9487868707483985,0.0021176071685020904,0.78,0.752,0.757,0.749,0.746,0.758,0.74,0.728,0.754,0.751,0.7515,0.012698425099200307,10,0.8724444444444445,0.8635555555555555,0.8685555555555555,0.8765555555555555,0.8767777777777778,0.8734444444444445,0.8742222222222222,0.8706666666666667,0.8677777777777778,0.8752222222222222,0.8719222222222222,0.004048486990664577,0.766260162601626,0.7052845528455285,0.7195121951219512,0.7195121951219512,0.744421906693712,0.7383367139959433,0.7018255578093306,0.6957403651115619,0.7363083164300203,0.742393509127789,0.7269595474859414,0.02119340746651662,14,0.851150202976996,0.8209291835814163,0.8373928732521425,0.8576905728461885,0.8542747575005639,0.8664561245206407,0.8441236183171668,0.841867809609745,0.8619445071057974,0.8587863749154072,0.8494616024626064,0.012927624580313822
0.11899232864379883,0.006097299991835849,0.0035062551498413084,0.0002962270981232091,10,4,10,"{'max_depth': 10, 'min_samples_leaf': 4, 'min_samples_split': 10}",0.7711598746081506,0.7224008574490889,0.7442348008385744,0.7365145228215768,0.7492385786802032,0.7569230769230769,0.7265135699373696,0.7222808870116155,0.737603305785124,0.7527975584944048,0.7419667032549185,0.015196001949785874,14,0.8687054495286273,0.8551789523583788,0.8650719925685091,0.8735314443676572,0.8761574074074073,0.8741195182912974,0.8682983682983684,0.8663325952686167,0.866575591985428,0.8723112128146453,0.8686282532888935,0.005723430440393717,0.8315048652455028,0.796673948530824,0.8017392452467832,0.8216983547788232,0.8136954843149258,0.8219230969269976,0.8074042512332418,0.7963440834403542,0.8141335701797552,0.8284863833311329,0.8133603283228341,0.01200036653911493,7,0.9504582566007779,0.947207878395965,0.9495405283230308,0.9497855439915865,0.9542207899815421,0.9529127963230959,0.945156336137922,0.946226523993393,0.9473031083285574,0.9492790278299224,0.9492090789905792,0.002716618562861109,0.781,0.741,0.756,0.746,0.753,0.763,0.738,0.737,0.746,0.757,0.7518,0.012718490476467729,9,0.8731111111111111,0.8642222222222222,0.8708888888888889,0.878,0.8811111111111111,0.8768888888888889,0.8744444444444445,0.8725555555555555,0.8697777777777778,0.876,0.8737,0.004518835750855506,0.75,0.6849593495934959,0.7215447154471545,0.7215447154471545,0.7484787018255578,0.7484787018255578,0.7058823529411765,0.6937119675456389,0.7241379310344828,0.7505070993914807,0.7249245535051699,0.023130832909664754,18,0.8520523229589535,0.8137122237257556,0.8400992331980154,0.8552097428958051,0.8538235957590796,0.8678096097450936,0.84028874351455,0.8384840965486127,0.858560794044665,0.859914279269118,0.8479954641659649,0.014616109086881896
0.13734955787658693,0.0033781770555483754,0.003304719924926758,0.00040381163852594144,20,5,12,"{'max_depth': 20, 'min_samples_leaf': 5, 'min_samples_split': 12}",0.7581967213114754,0.7397540983606558,0.72210953346856,0.7424400417101147,0.7570281124497992,0.7432712215320912,0.7377220480668757,0.7274611398963731,0.7530864197530864,0.730030333670374,0.7411099670219405,0.011741386940078587,15,0.9111263422435458,0.9091116173120729,0.9129550079131811,0.9069501600365798,0.91108845848907,0.9130484072100669,0.9087146470452978,0.9078857142857142,0.9110658520027155,0.9090077732053041,0.9100953979743547,0.001967762122019534,0.8200199251008258,0.8020053133602203,0.7848869310543499,0.8032276262723257,0.8046117038939631,0.8203047797368284,0.7994166856703915,0.793573540413921,0.8071421998711746,0.7991446323479402,0.803433333772194,0.010260104791460903,10,0.9807830267093505,0.9790633975387495,0.9808465959393536,0.9789552261217276,0.9801387576732443,0.9810055177169892,0.9794971092604182,0.9794154368343679,0.9801942020628672,0.9796577621577445,0.9799557032014812,0.0007112512930859879,0.764,0.746,0.726,0.753,0.758,0.752,0.749,0.737,0.76,0.733,0.7477999999999999,0.01172859752911661,18,0.9135555555555556,0.9113333333333333,0.9144444444444444,0.9095555555555556,0.9127777777777778,0.9147777777777778,0.9117777777777778,0.9104444444444444,0.9126666666666666,0.9115555555555556,0.9122888888888887,0.0015941250163965309,0.7520325203252033,0.733739837398374,0.7235772357723578,0.7235772357723578,0.7647058823529411,0.7281947261663286,0.716024340770791,0.7119675456389453,0.742393509127789,0.7322515212981744,0.7328464354623262,0.01545255431708492,6,0.8994136220117276,0.9000902119981957,0.9106901217861976,0.8946774921064502,0.9072862621249718,0.9084141664786826,0.8914956011730205,0.8960072185878637,0.9081885856079405,0.8969095420708324,0.9013172823945881,0.006437128419786282
0.14363694190979004,0.003673020085651425,0.003672361373901367,0.00017969660659568012,20,4,10,"{'max_depth': 20, 'min_samples_leaf': 4, 'min_samples_split': 10}",0.7669801462904913,0.7364102564102564,0.7354443309499489,0.7255319148936171,0.753012048192771,0.7523510971786833,0.7404343329886246,0.7316062176165802,0.7231404958677686,0.7448132780082988,0.7409724118397041,0.012889360203202376,16,0.9219399538106235,0.9226532017443195,0.922655089683537,0.9211254612546126,0.924118930088394,0.9225287356321838,0.9221749626393838,0.9222286042504307,0.924431233565794,0.9225126088950023,0.9226368781564283,0.0009270417013470552,0.820632081812944,0.7979902855130914,0.790688416234556,0.7930790282312272,0.797262263403627,0.8185584374537409,0.7907849938587963,0.787112274005705,0.7891126660825521,0.808224411984749,0.7993444858580989,0.011615187562000393,15,0.9858078853900621,0.98567736348619,0.9857057646573257,0.9853341044621746,0.9863683361709172,0.9859231263661362,0.9854096792123449,0.985678109087985,0.9864312637008766,0.985581618562258,0.985791725109627,0.000345241109527334,0.777,0.743,0.741,0.742,0.754,0.763,0.749,0.741,0.732,0.754,0.7496,0.012362847568420484,13,0.9248888888888889,0.9251111111111111,0.9247777777777778,0.924,0.9265555555555556,0.9251111111111111,0.9247777777777778,0.9247777777777778,0.9265555555555556,0.9248888888888889,0.9251444444444445,0.0007634392616134149,0.7459349593495935,0.7296747967479674,0.7317073170731707,0.693089430894309,0.7606490872210954,0.7302231237322515,0.7261663286004056,0.716024340770791,0.7099391480730223,0.7281947261663286,0.7271603258628936,0.01758927357937519,13,0.9003157419936851,0.9066305818673883,0.9106901217861976,0.900766801984664,0.9079630047371983,0.9052560342882924,0.9048048725468081,0.9054816151590345,0.9120234604105572,0.9077374238664562,0.906166965864028,0.00356676173123276
0.15322380065917968,0.011854346963300361,0.0035193204879760743,0.00014115734816611342,20,4,8,"{'max_depth': 20, 'min_samples_leaf': 4, 'min_samples_split': 8}",0.7628004179728316,0.7362978283350569,0.7410440122824973,0.734475374732334,0.7584830339321357,0.7343915343915344,0.7316062176165802,0.731048805815161,0.725,0.7540983606557377,0.7409245585733869,0.012263968192401737,17,0.934867663981588,0.929213742218123,0.9316072860579676,0.9303023309485344,0.9318181818181819,0.9326126954921804,0.9290559963205702,0.9318807339449542,0.9326306141154904,0.9319070623418451,0.9315896307239434,0.0016381438094485489,0.818225465719224,0.7872515363933167,0.7912885698738876,0.7878616925933039,0.7930374353373262,0.808786522158343,0.7898068021332181,0.7850058611487851,0.7938035855027586,0.7950158231013279,0.7950083293961491,0.009931737135679576,17,0.9898925665194942,0.9884292887892329,0.9889117876418256,0.9885636386770409,0.9888286099570418,0.9892035572725232,0.9880987197606422,0.9890264315877233,0.9892057799874747,0.9888823008715364,0.9889042681064536,0.0004657194696919484,0.773,0.745,0.747,0.752,0.758,0.749,0.741,0.741,0.736,0.76,0.7502,0.010438390680559921,11,0.9371111111111111,0.9317777777777778,0.9336666666666666,0.9328888888888889,0.934,0.9348888888888889,0.9314444444444444,0.934,0.9346666666666666,0.9342222222222222,0.9338666666666666,0.0015362291495737226,0.741869918699187,0.7235772357723578,0.7357723577235772,0.6971544715447154,0.77079107505071,0.7038539553752535,0.716024340770791,0.7139959432048681,0.7058823529411765,0.7464503042596349,0.7255371955342271,0.021786186528259192,16,0.9161028416779432,0.9088858818222824,0.9170049616599008,0.9091114118177718,0.9156327543424317,0.9147304308594632,0.9113467177983307,0.9165350778254004,0.9181141439205955,0.9138281073764944,0.9141292329100613,0.0031138223244066058
0.14569487571716308,0.005780923710391917,0.0036610126495361327,0.00021618113980221475,20,4,12,"{'max_depth': 20, 'min_samples_leaf': 4, 'min_samples_split': 12}",0.7602094240837696,0.7412731006160165,0.7321063394683026,0.7305263157894737,0.7525150905432595,0.7417355371900827,0.7430340557275541,0.731048805815161,0.7253668763102725,0.742798353909465,0.7400613899453357,0.010163624031274184,18,0.9171270718232044,0.9143118636311635,0.916000913033554,0.9105952654562169,0.9161526159469957,0.9145740167411993,0.9141868512110727,0.9148301193755738,0.9170865781035271,0.9140427487933808,0.9148908044115889,0.0018097634218887445,0.8248651654823635,0.8059263171371871,0.7926169099289417,0.7992966199347034,0.8032114294401702,0.8093186264507845,0.7913911126580809,0.7917011734299924,0.7979003884761413,0.8090425723441794,0.8025270315282544,0.00985319031164905,11,0.983479507987002,0.9819953615701233,0.9828884178739881,0.9810253504408158,0.9828686220861504,0.9824826352864099,0.9822142054107699,0.9824793012139827,0.9836780360841473,0.9822490032481768,0.9825360441201566,0.000720806698803259,0.771,0.748,0.738,0.744,0.754,0.75,0.751,0.741,0.738,0.75,0.7484999999999999,0.009189668111526127,17,0.92,0.9167777777777778,0.9182222222222223,0.9135555555555556,0.9184444444444444,0.9172222222222223,0.9173333333333333,0.9175555555555556,0.9195555555555556,0.9168888888888889,0.9175555555555555,0.0016858159177804638,0.7378048780487805,0.733739837398374,0.7276422764227642,0.7052845528455285,0.7586206896551724,0.7281947261663286,0.7302231237322515,0.7139959432048681,0.7018255578093306,0.7322515212981744,0.7269583106581573,0.01573609545623493,15,0.8985115020297699,0.9012178619756428,0.9050518718989625,0.8935498421290031,0.9045792916760659,0.8996165125197383,0.8939769907511843,0.8989397699075118,0.9032258064516129,0.8971351229415746,0.8995804572281065,0.003823553973130574
0.01344761848449707,0.0007753617879862328,0.003723740577697754,0.000589508441098481,1,5,10,"{'max_depth': 1, 'min_samples_leaf': 5, 'min_samples_split': 10}",0.7079831932773109,0.7229437229437229,0.7219827586206896,0.6794462193823215,0.7058823529411765,0.7232237539766703,0.7272727272727274,0.7234490010515248,0.7100840336134453,0.7012987012987013,0.712356646437829,0.01392822582693877,19,0.7156481808548216,0.7067146282973621,0.7141012093460137,0.718786738772631,0.7158836689038032,0.7139496589037874,0.7135135135135134,0.7139157052036732,0.7154126928058401,0.7091127098321341,0.7137038706433578,0.003278950290172303,0.7214166826707638,0.7429742013955571,0.7410377056526471,0.6982027399014148,0.7194690159271218,0.7383467159563275,0.7442358702305651,0.7364583458357837,0.7234698000808157,0.7230777232337539,0.7288688800884751,0.013702578454815898,19,0.7309976901697965,0.7273031176484186,0.7288141093461884,0.7335749853153597,0.731212242555893,0.7291155555421643,0.7284619785590989,0.7293245895349345,0.7307676995655976,0.7295143106044594,0.7299086278841911,0.001681387765502243,0.722,0.744,0.742,0.699,0.72,0.739,0.745,0.737,0.724,0.724,0.7296,0.013749181793837781,19,0.7316666666666667,0.7282222222222222,0.7294444444444445,0.7342222222222222,0.7318888888888889,0.7297777777777777,0.7291111111111112,0.73,0.7314444444444445,0.7304444444444445,0.7306222222222222,0.0016399337535551218,0.6849593495934959,0.6788617886178862,0.6808943089430894,0.6483739837398373,0.6815415821501014,0.691683569979716,0.6896551724137931,0.6977687626774848,0.6855983772819473,0.6572008113590264,0.6796537706756378,0.014576265002966859,19,0.6853856562922869,0.6646368967072621,0.6858367162832657,0.6894451962110961,0.6857658470561696,0.6846379427024588,0.684863523573201,0.6839612000902323,0.6853146853146853,0.6670426347845703,0.6816890299015228,0.008062385941181272
0.013365650177001953,0.0017611643744214907,0.003825092315673828,0.0005578008303690294,1,5,8,"{'max_depth': 1, 'min_samples_leaf': 5, 'min_samples_split': 8}",0.7079831932773109,0.7229437229437229,0.7219827586206896,0.6794462193823215,0.7058823529411765,0.7232237539766703,0.7272727272727274,0.7234490010515248,0.7100840336134453,0.7012987012987013,0.712356646437829,0.01392822582693877,19,0.7156481808548216,0.7067146282973621,0.7141012093460137,0.718786738772631,0.7158836689038032,0.7139496589037874,0.7135135135135134,0.7139157052036732,0.7154126928058401,0.7091127098321341,0.7137038706433578,0.003278950290172303,0.7214166826707638,0.7429742013955571,0.7410377056526471,0.6982027399014148,0.7194690159271218,0.7383467159563275,0.7442358702305651,0.7364583458357837,0.7234698000808157,0.7230777232337539,0.7288688800884751,0.013702578454815898,19,0.7309976901697965,0.7273031176484186,0.7288141093461884,0.7335749853153597,0.731212242555893,0.7291155555421643,0.7284619785590989,0.7293245895349345,0.7307676995655976,0.7295143106044594,0.7299086278841911,0.001681387765502243,0.722,0.744,0.742,0.699,0.72,0.739,0.745,0.737,0.724,0.724,0.7296,0.013749181793837781,19,0.7316666666666667,0.7282222222222222,0.7294444444444445,0.7342222222222222,0.7318888888888889,0.7297777777777777,0.7291111111111112,0.73,0.7314444444444445,0.7304444444444445,0.7306222222222222,0.0016399337535551218,0.6849593495934959,0.6788617886178862,0.6808943089430894,0.6483739837398373,0.6815415821501014,0.691683569979716,0.6896551724137931,0.6977687626774848,0.6855983772819473,0.6572008113590264,0.6796537706756378,0.014576265002966859,19,0.6853856562922869,0.6646368967072621,0.6858367162832657,0.6894451962110961,0.6857658470561696,0.6846379427024588,0.684863523573201,0.6839612000902323,0.6853146853146853,0.6670426347845703,0.6816890299015228,0.008062385941181272
0.01383051872253418,0.0007458903066648793,0.0037123918533325194,0.0004323447889084389,1,4,12,"{'max_depth': 1, 'min_samples_leaf': 4, 'min_samples_split': 12}",0.7079831932773109,0.7229437229437229,0.7219827586206896,0.6794462193823215,0.7058823529411765,0.7232237539766703,0.7272727272727274,0.7234490010515248,0.7100840336134453,0.7012987012987013,0.712356646437829,0.01392822582693877,19,0.7156481808548216,0.7067146282973621,0.7141012093460137,0.718786738772631,0.7158836689038032,0.7139496589037874,0.7135135135135134,0.7139157052036732,0.7154126928058401,0.7091127098321341,0.7137038706433578,0.003278950290172303,0.7214166826707638,0.7429742013955571,0.7410377056526471,0.6982027399014148,0.7194690159271218,0.7383467159563275,0.7442358702305651,0.7364583458357837,0.7234698000808157,0.7230777232337539,0.7288688800884751,0.013702578454815898,19,0.7309976901697965,0.7273031176484186,0.7288141093461884,0.7335749853153597,0.731212242555893,0.7291155555421643,0.7284619785590989,0.7293245895349345,0.7307676995655976,0.7295143106044594,0.7299086278841911,0.001681387765502243,0.722,0.744,0.742,0.699,0.72,0.739,0.745,0.737,0.724,0.724,0.7296,0.013749181793837781,19,0.7316666666666667,0.7282222222222222,0.7294444444444445,0.7342222222222222,0.7318888888888889,0.7297777777777777,0.7291111111111112,0.73,0.7314444444444445,0.7304444444444445,0.7306222222222222,0.0016399337535551218,0.6849593495934959,0.6788617886178862,0.6808943089430894,0.6483739837398373,0.6815415821501014,0.691683569979716,0.6896551724137931,0.6977687626774848,0.6855983772819473,0.6572008113590264,0.6796537706756378,0.014576265002966859,19,0.6853856562922869,0.6646368967072621,0.6858367162832657,0.6894451962110961,0.6857658470561696,0.6846379427024588,0.684863523573201,0.6839612000902323,0.6853146853146853,0.6670426347845703,0.6816890299015228,0.008062385941181272
0.014102840423583984,0.0007116638130755772,0.004050207138061523,0.0008082814317994716,1,4,10,"{'max_depth': 1, 'min_samples_leaf': 4, 'min_samples_split': 10}",0.7079831932773109,0.7229437229437229,0.7219827586206896,0.6794462193823215,0.7058823529411765,0.7232237539766703,0.7272727272727274,0.7234490010515248,0.7100840336134453,0.7012987012987013,0.712356646437829,0.01392822582693877,19,0.7156481808548216,0.7067146282973621,0.7141012093460137,0.718786738772631,0.7158836689038032,0.7139496589037874,0.7135135135135134,0.7139157052036732,0.7154126928058401,0.7091127098321341,0.7137038706433578,0.003278950290172303,0.7214166826707638,0.7429742013955571,0.7410377056526471,0.6982027399014148,0.7194690159271218,0.7383467159563275,0.7442358702305651,0.7364583458357837,0.7234698000808157,0.7230777232337539,0.7288688800884751,0.013702578454815898,19,0.7309976901697965,0.7273031176484186,0.7288141093461884,0.7335749853153597,0.731212242555893,0.7291155555421643,0.7284619785590989,0.7293245895349345,0.7307676995655976,0.7295143106044594,0.7299086278841911,0.001681387765502243,0.722,0.744,0.742,0.699,0.72,0.739,0.745,0.737,0.724,0.724,0.7296,0.013749181793837781,19,0.7316666666666667,0.7282222222222222,0.7294444444444445,0.7342222222222222,0.7318888888888889,0.7297777777777777,0.7291111111111112,0.73,0.7314444444444445,0.7304444444444445,0.7306222222222222,0.0016399337535551218,0.6849593495934959,0.6788617886178862,0.6808943089430894,0.6483739837398373,0.6815415821501014,0.691683569979716,0.6896551724137931,0.6977687626774848,0.6855983772819473,0.6572008113590264,0.6796537706756378,0.014576265002966859,19,0.6853856562922869,0.6646368967072621,0.6858367162832657,0.6894451962110961,0.6857658470561696,0.6846379427024588,0.684863523573201,0.6839612000902323,0.6853146853146853,0.6670426347845703,0.6816890299015228,0.008062385941181272
0.014096856117248535,0.002338293455035599,0.003910231590270996,0.00036681424878513125,1,4,8,"{'max_depth': 1, 'min_samples_leaf': 4, 'min_samples_split': 8}",0.7079831932773109,0.7229437229437229,0.7219827586206896,0.6794462193823215,0.7058823529411765,0.7232237539766703,0.7272727272727274,0.7234490010515248,0.7100840336134453,0.7012987012987013,0.712356646437829,0.01392822582693877,19,0.7156481808548216,0.7067146282973621,0.7141012093460137,0.718786738772631,0.7158836689038032,0.7139496589037874,0.7135135135135134,0.7139157052036732,0.7154126928058401,0.7091127098321341,0.7137038706433578,0.003278950290172303,0.7214166826707638,0.7429742013955571,0.7410377056526471,0.6982027399014148,0.7194690159271218,0.7383467159563275,0.7442358702305651,0.7364583458357837,0.7234698000808157,0.7230777232337539,0.7288688800884751,0.013702578454815898,19,0.7309976901697965,0.7273031176484186,0.7288141093461884,0.7335749853153597,0.731212242555893,0.7291155555421643,0.7284619785590989,0.7293245895349345,0.7307676995655976,0.7295143106044594,0.7299086278841911,0.001681387765502243,0.722,0.744,0.742,0.699,0.72,0.739,0.745,0.737,0.724,0.724,0.7296,0.013749181793837781,19,0.7316666666666667,0.7282222222222222,0.7294444444444445,0.7342222222222222,0.7318888888888889,0.7297777777777777,0.7291111111111112,0.73,0.7314444444444445,0.7304444444444445,0.7306222222222222,0.0016399337535551218,0.6849593495934959,0.6788617886178862,0.6808943089430894,0.6483739837398373,0.6815415821501014,0.691683569979716,0.6896551724137931,0.6977687626774848,0.6855983772819473,0.6572008113590264,0.6796537706756378,0.014576265002966859,19,0.6853856562922869,0.6646368967072621,0.6858367162832657,0.6894451962110961,0.6857658470561696,0.6846379427024588,0.684863523573201,0.6839612000902323,0.6853146853146853,0.6670426347845703,0.6816890299015228,0.008062385941181272
0.014272809028625488,0.0011872509003318151,0.004088997840881348,0.0011613472815413452,1,3,12,"{'max_depth': 1, 'min_samples_leaf': 3, 'min_samples_split': 12}",0.7079831932773109,0.7229437229437229,0.7219827586206896,0.6794462193823215,0.7058823529411765,0.7232237539766703,0.7272727272727274,0.7234490010515248,0.7100840336134453,0.7012987012987013,0.712356646437829,0.01392822582693877,19,0.7156481808548216,0.7067146282973621,0.7141012093460137,0.718786738772631,0.7158836689038032,0.7139496589037874,0.7135135135135134,0.7139157052036732,0.7154126928058401,0.7091127098321341,0.7137038706433578,0.003278950290172303,0.7214166826707638,0.7429742013955571,0.7410377056526471,0.6982027399014148,0.7194690159271218,0.7383467159563275,0.7442358702305651,0.7364583458357837,0.7234698000808157,0.7230777232337539,0.7288688800884751,0.013702578454815898,19,0.7309976901697965,0.7273031176484186,0.7288141093461884,0.7335749853153597,0.731212242555893,0.7291155555421643,0.7284619785590989,0.7293245895349345,0.7307676995655976,0.7295143106044594,0.7299086278841911,0.001681387765502243,0.722,0.744,0.742,0.699,0.72,0.739,0.745,0.737,0.724,0.724,0.7296,0.013749181793837781,19,0.7316666666666667,0.7282222222222222,0.7294444444444445,0.7342222222222222,0.7318888888888889,0.7297777777777777,0.7291111111111112,0.73,0.7314444444444445,0.7304444444444445,0.7306222222222222,0.0016399337535551218,0.6849593495934959,0.6788617886178862,0.6808943089430894,0.6483739837398373,0.6815415821501014,0.691683569979716,0.6896551724137931,0.6977687626774848,0.6855983772819473,0.6572008113590264,0.6796537706756378,0.014576265002966859,19,0.6853856562922869,0.6646368967072621,0.6858367162832657,0.6894451962110961,0.6857658470561696,0.6846379427024588,0.684863523573201,0.6839612000902323,0.6853146853146853,0.6670426347845703,0.6816890299015228,0.008062385941181272
0.017015552520751952,0.000952713710265197,0.00396432876586914,0.0009067627928794937,1,3,10,"{'max_depth': 1, 'min_samples_leaf': 3, 'min_samples_split': 10}",0.7079831932773109,0.7229437229437229,0.7219827586206896,0.6794462193823215,0.7058823529411765,0.7232237539766703,0.7272727272727274,0.7234490010515248,0.7100840336134453,0.7012987012987013,0.712356646437829,0.01392822582693877,19,0.7156481808548216,0.7067146282973621,0.7141012093460137,0.718786738772631,0.7158836689038032,0.7139496589037874,0.7135135135135134,0.7139157052036732,0.7154126928058401,0.7091127098321341,0.7137038706433578,0.003278950290172303,0.7214166826707638,0.7429742013955571,0.7410377056526471,0.6982027399014148,0.7194690159271218,0.7383467159563275,0.7442358702305651,0.7364583458357837,0.7234698000808157,0.7230777232337539,0.7288688800884751,0.013702578454815898,19,0.7309976901697965,0.7273031176484186,0.7288141093461884,0.7335749853153597,0.731212242555893,0.7291155555421643,0.7284619785590989,0.7293245895349345,0.7307676995655976,0.7295143106044594,0.7299086278841911,0.001681387765502243,0.722,0.744,0.742,0.699,0.72,0.739,0.745,0.737,0.724,0.724,0.7296,0.013749181793837781,19,0.7316666666666667,0.7282222222222222,0.7294444444444445,0.7342222222222222,0.7318888888888889,0.7297777777777777,0.7291111111111112,0.73,0.7314444444444445,0.7304444444444445,0.7306222222222222,0.0016399337535551218,0.6849593495934959,0.6788617886178862,0.6808943089430894,0.6483739837398373,0.6815415821501014,0.691683569979716,0.6896551724137931,0.6977687626774848,0.6855983772819473,0.6572008113590264,0.6796537706756378,0.014576265002966859,19,0.6853856562922869,0.6646368967072621,0.6858367162832657,0.6894451962110961,0.6857658470561696,0.6846379427024588,0.684863523573201,0.6839612000902323,0.6853146853146853,0.6670426347845703,0.6816890299015228,0.008062385941181272
0.01312551498413086,0.000498128641970934,0.003836846351623535,0.0006801122173320395,1,5,12,"{'max_depth': 1, 'min_samples_leaf': 5, 'min_samples_split': 12}",0.7079831932773109,0.7229437229437229,0.7219827586206896,0.6794462193823215,0.7058823529411765,0.7232237539766703,0.7272727272727274,0.7234490010515248,0.7100840336134453,0.7012987012987013,0.712356646437829,0.01392822582693877,19,0.7156481808548216,0.7067146282973621,0.7141012093460137,0.718786738772631,0.7158836689038032,0.7139496589037874,0.7135135135135134,0.7139157052036732,0.7154126928058401,0.7091127098321341,0.7137038706433578,0.003278950290172303,0.7214166826707638,0.7429742013955571,0.7410377056526471,0.6982027399014148,0.7194690159271218,0.7383467159563275,0.7442358702305651,0.7364583458357837,0.7234698000808157,0.7230777232337539,0.7288688800884751,0.013702578454815898,19,0.7309976901697965,0.7273031176484186,0.7288141093461884,0.7335749853153597,0.731212242555893,0.7291155555421643,0.7284619785590989,0.7293245895349345,0.7307676995655976,0.7295143106044594,0.7299086278841911,0.001681387765502243,0.722,0.744,0.742,0.699,0.72,0.739,0.745,0.737,0.724,0.724,0.7296,0.013749181793837781,19,0.7316666666666667,0.7282222222222222,0.7294444444444445,0.7342222222222222,0.7318888888888889,0.7297777777777777,0.7291111111111112,0.73,0.7314444444444445,0.7304444444444445,0.7306222222222222,0.0016399337535551218,0.6849593495934959,0.6788617886178862,0.6808943089430894,0.6483739837398373,0.6815415821501014,0.691683569979716,0.6896551724137931,0.6977687626774848,0.6855983772819473,0.6572008113590264,0.6796537706756378,0.014576265002966859,19,0.6853856562922869,0.6646368967072621,0.6858367162832657,0.6894451962110961,0.6857658470561696,0.6846379427024588,0.684863523573201,0.6839612000902323,0.6853146853146853,0.6670426347845703,0.6816890299015228,0.008062385941181272
0.020489764213562012,0.0027846673676327357,0.004514575004577637,0.0003893701146392413,1,3,8,"{'max_depth': 1, 'min_samples_leaf': 3, 'min_samples_split': 8}",0.7079831932773109,0.7229437229437229,0.7219827586206896,0.6794462193823215,0.7058823529411765,0.7232237539766703,0.7272727272727274,0.7234490010515248,0.7100840336134453,0.7012987012987013,0.712356646437829,0.01392822582693877,19,0.7156481808548216,0.7067146282973621,0.7141012093460137,0.718786738772631,0.7158836689038032,0.7139496589037874,0.7135135135135134,0.7139157052036732,0.7154126928058401,0.7091127098321341,0.7137038706433578,0.003278950290172303,0.7214166826707638,0.7429742013955571,0.7410377056526471,0.6982027399014148,0.7194690159271218,0.7383467159563275,0.7442358702305651,0.7364583458357837,0.7234698000808157,0.7230777232337539,0.7288688800884751,0.013702578454815898,19,0.7309976901697965,0.7273031176484186,0.7288141093461884,0.7335749853153597,0.731212242555893,0.7291155555421643,0.7284619785590989,0.7293245895349345,0.7307676995655976,0.7295143106044594,0.7299086278841911,0.001681387765502243,0.722,0.744,0.742,0.699,0.72,0.739,0.745,0.737,0.724,0.724,0.7296,0.013749181793837781,19,0.7316666666666667,0.7282222222222222,0.7294444444444445,0.7342222222222222,0.7318888888888889,0.7297777777777777,0.7291111111111112,0.73,0.7314444444444445,0.7304444444444445,0.7306222222222222,0.0016399337535551218,0.6849593495934959,0.6788617886178862,0.6808943089430894,0.6483739837398373,0.6815415821501014,0.691683569979716,0.6896551724137931,0.6977687626774848,0.6855983772819473,0.6572008113590264,0.6796537706756378,0.014576265002966859,19,0.6853856562922869,0.6646368967072621,0.6858367162832657,0.6894451962110961,0.6857658470561696,0.6846379427024588,0.684863523573201,0.6839612000902323,0.6853146853146853,0.6670426347845703,0.6816890299015228,0.008062385941181272
