mean_fit_time,std_fit_time,mean_score_time,std_score_time,param_C,param_gamma,param_kernel,params,split0_test_f1,split1_test_f1,split2_test_f1,split3_test_f1,split4_test_f1,split5_test_f1,split6_test_f1,split7_test_f1,split8_test_f1,split9_test_f1,mean_test_f1,std_test_f1,rank_test_f1,split0_train_f1,split1_train_f1,split2_train_f1,split3_train_f1,split4_train_f1,split5_train_f1,split6_train_f1,split7_train_f1,split8_train_f1,split9_train_f1,mean_train_f1,std_train_f1,split0_test_roc_auc,split1_test_roc_auc,split2_test_roc_auc,split3_test_roc_auc,split4_test_roc_auc,split5_test_roc_auc,split6_test_roc_auc,split7_test_roc_auc,split8_test_roc_auc,split9_test_roc_auc,mean_test_roc_auc,std_test_roc_auc,rank_test_roc_auc,split0_train_roc_auc,split1_train_roc_auc,split2_train_roc_auc,split3_train_roc_auc,split4_train_roc_auc,split5_train_roc_auc,split6_train_roc_auc,split7_train_roc_auc,split8_train_roc_auc,split9_train_roc_auc,mean_train_roc_auc,std_train_roc_auc,split0_test_accuracy,split1_test_accuracy,split2_test_accuracy,split3_test_accuracy,split4_test_accuracy,split5_test_accuracy,split6_test_accuracy,split7_test_accuracy,split8_test_accuracy,split9_test_accuracy,mean_test_accuracy,std_test_accuracy,rank_test_accuracy,split0_train_accuracy,split1_train_accuracy,split2_train_accuracy,split3_train_accuracy,split4_train_accuracy,split5_train_accuracy,split6_train_accuracy,split7_train_accuracy,split8_train_accuracy,split9_train_accuracy,mean_train_accuracy,std_train_accuracy,split0_test_recall,split1_test_recall,split2_test_recall,split3_test_recall,split4_test_recall,split5_test_recall,split6_test_recall,split7_test_recall,split8_test_recall,split9_test_recall,mean_test_recall,std_test_recall,rank_test_recall,split0_train_recall,split1_train_recall,split2_train_recall,split3_train_recall,split4_train_recall,split5_train_recall,split6_train_recall,split7_train_recall,split8_train_recall,split9_train_recall,mean_train_recall,std_train_recall
2.0352245569229126,0.09524771614401215,0.3131319284439087,0.02217935953822482,1.0,0.01,sigmoid,"{'C': 1.0, 'gamma': 0.01, 'kernel': 'sigmoid'}",0.5567567567567567,0.5549450549450549,0.5648414985590778,0.5722543352601155,0.5882352941176471,0.5397727272727273,0.5602240896358543,0.5393258426966292,0.5423728813559321,0.5494505494505495,0.5568179030050345,0.014711472173799613,1,0.5554862842892768,0.5530445699937225,0.5551401869158878,0.5473419314249763,0.5507518796992481,0.5593536357986326,0.5550387596899226,0.5582841156356855,0.5618604651162791,0.5631367706082123,0.5559438599171843,0.004635490656653173,0.8511579342546752,0.8562554259837163,0.853533635233112,0.8706386822778571,0.8689903564138061,0.8363063394898238,0.8589269114061706,0.8341430901724167,0.8475260028414572,0.8330556188939366,0.8510533996966971,0.012807538660203122,4,0.8498599564504932,0.8514298667961648,0.8517946949347873,0.8485827326776932,0.8490003296970756,0.8531643715121813,0.8485033166908239,0.8530881540062207,0.852146209762725,0.8533909269639602,0.8510960559492124,0.0018486283369192062,0.836,0.838,0.849,0.852,0.853,0.838,0.843,0.836,0.838,0.836,0.8418999999999999,0.00653375848956786,1,0.8415555555555555,0.8417777777777777,0.8413333333333334,0.8401111111111111,0.8406666666666667,0.8424444444444444,0.8405555555555555,0.8421111111111111,0.843,0.8427777777777777,0.8416333333333332,0.0009270289726051534,0.4724770642201835,0.463302752293578,0.44954128440366975,0.4541284403669725,0.481651376146789,0.4337899543378995,0.45662100456621,0.4383561643835616,0.4383561643835616,0.45662100456621,0.4544845209668635,0.014566177269248973,4,0.45297407219115404,0.44789018810371123,0.45297407219115404,0.44229791560752413,0.44687341128622265,0.4577822990844354,0.45523906408952186,0.45676500508647,0.46083418107833163,0.46388606307222785,0.45375162717907525,0.006280697459501975
1.5050076246261597,0.12012671527257289,0.2344449996948242,0.019210388400802733,10.0,0.01,sigmoid,"{'C': 10.0, 'gamma': 0.01, 'kernel': 'sigmoid'}",0.5023474178403755,0.46555819477434685,0.4744186046511628,0.46568627450980393,0.4861111111111111,0.4686774941995359,0.525301204819277,0.4834123222748815,0.4655581947743468,0.4818181818181818,0.4818889000773023,0.018301878428280845,2,0.4803356056633456,0.4787178139779296,0.48154933263543576,0.47791798107255523,0.47469184369263046,0.48075412411626084,0.4757154108689945,0.4791449426485923,0.48467382761330885,0.48996611936408657,0.48034670016531394,0.004198715398067715,0.7825617682254392,0.7395879771932706,0.7699089607921349,0.7704192965578732,0.7759684647692344,0.7496711276375565,0.7917317103116833,0.7591894246341477,0.7671291342910095,0.7560673296733492,0.7662235194085698,0.014766982635951765,5,0.7649103713331682,0.7644114524085054,0.7647561850007565,0.7629776568607387,0.7623536106311513,0.7683283577427006,0.7621812061803575,0.76912799074167,0.767059922000711,0.7692514283912668,0.7655358181291027,0.0025887815386470437,0.788,0.775,0.774,0.782,0.778,0.771,0.803,0.782,0.775,0.772,0.78,0.009143303560529977,9,0.7797777777777778,0.7795555555555556,0.7798888888888889,0.7793333333333333,0.7774444444444445,0.7796666666666666,0.7781111111111111,0.778,0.7814444444444445,0.7825555555555556,0.7795777777777777,0.0014747253353810713,0.4908256880733945,0.44954128440366975,0.46788990825688076,0.43577981651376146,0.481651376146789,0.4611872146118721,0.4977168949771689,0.4657534246575342,0.4474885844748858,0.4840182648401826,0.468185245695614,0.019229569523327487,3,0.46568378240976105,0.46314184036603967,0.4677173360447382,0.4621250635485511,0.46009150991357395,0.4669379450661241,0.46083418107833163,0.4674465920651068,0.470498474059003,0.47812817904374366,0.46626049035949724,0.005073974762810467
1.1669645309448242,0.05219098178549567,0.19569754600524902,0.009419035090535132,100.0,0.01,sigmoid,"{'C': 100.0, 'gamma': 0.01, 'kernel': 'sigmoid'}",0.4930875576036866,0.4541284403669725,0.47706422018348627,0.4672897196261682,0.47427293064876963,0.45804988662131524,0.5317647058823529,0.4711316397228637,0.45161290322580644,0.4622222222222222,0.47406242261036435,0.022478789058520136,3,0.47304170905391657,0.4728938661236956,0.47553516819571867,0.46923666070972686,0.4735772357723577,0.4717607973421926,0.4693564862104188,0.4755351681957187,0.4766522071957131,0.47706422018348627,0.47346535189829453,0.002643196521760086,0.7684366127783382,0.7222600248715362,0.7591332504282128,0.7537776578521316,0.7612801802013186,0.735294289606464,0.781634597957191,0.7489519934050128,0.7573301995451328,0.7455668005542595,0.7533665607199598,0.01585085529008715,6,0.7503929293747806,0.7516007584550746,0.7534979804337327,0.7496794651924537,0.749830326362516,0.7528755115033477,0.7504173884671778,0.7568840895160869,0.7555066063367263,0.7559660807512183,0.7526651136393114,0.0025652721828910967,0.78,0.762,0.772,0.772,0.765,0.761,0.801,0.771,0.762,0.758,0.7704,0.012026637102698337,10,0.7697777777777778,0.7698888888888888,0.7713333333333333,0.769,0.7697777777777778,0.7703333333333333,0.7691111111111111,0.7713333333333333,0.7721111111111111,0.772,0.7704666666666667,0.0010884352796674175,0.4908256880733945,0.4541284403669725,0.47706422018348627,0.45871559633027525,0.48623853211009177,0.4611872146118721,0.5159817351598174,0.4657534246575342,0.4474885844748858,0.4748858447488584,0.47322692807171884,0.019398633466781834,2,0.472801220132181,0.4722928317234367,0.4743263853584138,0.4672089476359939,0.47381799694966953,0.4694811800610376,0.4674465920651068,0.4745676500508647,0.4750762970498474,0.4760935910478128,0.47231126920743643,0.0030219543199522616
1.0923265218734741,0.08091540957103163,0.17503852844238282,0.01282450157183413,1000.0,0.01,sigmoid,"{'C': 1000.0, 'gamma': 0.01, 'kernel': 'sigmoid'}",0.4910714285714286,0.4505747126436782,0.4748858447488585,0.46511627906976744,0.47855530474040636,0.45495495495495497,0.5280373831775702,0.4711316397228637,0.4597701149425287,0.4649122807017544,0.47390099432738114,0.021252275272652995,4,0.5137334689725331,0.4745676500508647,0.4769895753877448,0.469839653855943,0.47256097560975613,0.47337579617834397,0.4694501018329939,0.47837150127226463,0.4787152689268417,0.4777410328160773,0.47853450249033636,0.012158128152613976,0.7550153687322556,0.7211924259133251,0.7583530819587507,0.7511262582416294,0.7582592271052816,0.7331135004297265,0.7817281438736194,0.7478469822672021,0.7558977776998229,0.7440992989902887,0.7506632065211902,0.015349122478361892,7,0.7680214944277146,0.750757612941127,0.7521123997400302,0.747476328277665,0.7473866934665113,0.7503915005476958,0.7492793323867128,0.7555977925559071,0.7544806348238509,0.7537575808939633,0.7529261370061179,0.0056884919112080885,0.772,0.761,0.77,0.77,0.769,0.758,0.798,0.771,0.765,0.756,0.769,0.011072488428533136,11,0.7875555555555556,0.7704444444444445,0.7714444444444445,0.7685555555555555,0.7693333333333333,0.7703333333333333,0.7684444444444445,0.7722222222222223,0.7727777777777778,0.7718888888888888,0.7722999999999999,0.005280771080995326,0.5045871559633027,0.44954128440366975,0.47706422018348627,0.45871559633027525,0.48623853211009177,0.4611872146118721,0.5159817351598174,0.4657534246575342,0.45662100456621,0.4840182648401826,0.4759708432826442,0.020699708764100596,1,0.5134722928317235,0.4743263853584138,0.47686832740213525,0.469242501270971,0.472801220132181,0.4725330620549339,0.46897253306205494,0.47812817904374366,0.47761953204476093,0.47761953204476093,0.4781583565245679,0.012199256230465463
2.2666033029556276,0.1673570815233493,0.37908663749694826,0.011901586017936136,0.01,0.5,sigmoid,"{'C': 0.01, 'gamma': 0.5, 'kernel': 'sigmoid'}",0.3469387755102041,0.3529411764705882,0.33608815426997246,0.33701657458563533,0.4064171122994653,0.3047091412742382,0.3473389355742297,0.36180904522613067,0.33962264150943394,0.3013698630136986,0.3434251419733596,0.02793046700418059,5,0.33819064966605955,0.3388822829964328,0.340311004784689,0.34231566479123476,0.33483348334833485,0.3458333333333333,0.3410387271089763,0.3466587112171837,0.3452981311183625,0.3452847243145526,0.341864671267916,0.0037060577917405846,0.6173654942631221,0.6662228114221357,0.6196766700297989,0.6256305872967456,0.680084000093855,0.5999742748729822,0.6541432071048122,0.633633264927882,0.6165377487005888,0.5963669104707114,0.6309634969182634,0.026280345636899356,12,0.6305284890151455,0.6209909113915797,0.6285749561349643,0.6282734506532535,0.621983038636001,0.6337421262399084,0.6233691695415755,0.6309655384065364,0.6309159319463,0.6323541577300316,0.6281697769695296,0.004272164354084851,0.744,0.769,0.759,0.76,0.778,0.749,0.767,0.746,0.755,0.745,0.7572,0.010952625256074463,12,0.7577777777777778,0.7528888888888889,0.7548888888888889,0.7532222222222222,0.7536666666666667,0.7557777777777778,0.7561111111111111,0.7566666666666667,0.7547777777777778,0.7585555555555555,0.7554333333333334,0.0018042816018474974,0.3119266055045872,0.2889908256880734,0.2798165137614679,0.2798165137614679,0.3486238532110092,0.2511415525114155,0.2831050228310502,0.3287671232876712,0.2876712328767123,0.2511415525114155,0.291100079594487,0.029478241563520673,13,0.2831723436705643,0.28978139298423994,0.28927300457549565,0.2938485002541942,0.2836807320793086,0.2955239064089522,0.28891149542217703,0.2955239064089522,0.2960325534079349,0.2914547304170905,0.29072025656289097,0.004443753772153372
2.4490278005599975,0.4776263529894598,0.3634480953216553,0.007298998038154675,0.01,1,sigmoid,"{'C': 0.01, 'gamma': 1, 'kernel': 'sigmoid'}",0.33505154639175255,0.3529411764705882,0.329608938547486,0.33608815426997246,0.41688654353562005,0.2928176795580111,0.3415977961432507,0.3609022556390977,0.3378016085790885,0.30352303523035234,0.34072187343652194,0.03197279779782548,6,0.3209428830462375,0.3363986947493326,0.32994011976047904,0.3374925727866904,0.32948148148148143,0.3457748581666169,0.3386180077774454,0.3399044205495818,0.3372992266508031,0.3422459893048128,0.33580982542734816,0.006828629141438272,0.6203395199324245,0.6628029751988549,0.6136171660526996,0.619870245665079,0.6767814824374107,0.5941393483357598,0.6489806418419191,0.6288858096691397,0.6122521764042119,0.5927127731102263,0.6270382138647725,0.026446114289479523,13,0.61541266240617,0.6171723238641624,0.6208399056492412,0.6225583640085584,0.6159948549618398,0.6276839192053942,0.6180290991784997,0.6253350605444677,0.6265067419952094,0.6291431879627827,0.6218676119776326,0.004845379666723219,0.742,0.769,0.76,0.759,0.779,0.744,0.761,0.745,0.753,0.743,0.7555000000000001,0.0117664778077384,13,0.7503333333333333,0.7514444444444445,0.7513333333333333,0.7522222222222222,0.7485555555555555,0.7565555555555555,0.7543333333333333,0.7544444444444445,0.7524444444444445,0.754,0.7525666666666666,0.002204624768610385,0.2981651376146789,0.2889908256880734,0.2706422018348624,0.2798165137614679,0.3623853211009174,0.2420091324200913,0.2831050228310502,0.3287671232876712,0.2876712328767123,0.2557077625570776,0.2897260273972603,0.032893668664704945,14,0.269954245043213,0.28825622775800713,0.28012201321809865,0.2887646161667514,0.28266395526182003,0.2945066124109868,0.28789420142421157,0.2894201424211597,0.2884028484231943,0.29298067141403866,0.28629655335414816,0.006761299316154987
1.8748265743255614,0.12396531120613623,0.3265800714492798,0.010177796902290068,1000.0,0.5,sigmoid,"{'C': 1000.0, 'gamma': 0.5, 'kernel': 'sigmoid'}",0.32244008714596956,0.3529411764705882,0.3105882352941176,0.3333333333333333,0.3944315545243619,0.29314420803782504,0.3333333333333333,0.3524416135881104,0.3464203233256351,0.3051643192488263,0.3344238184302101,0.027724764548891886,7,0.3304524656837824,0.3233350279613625,0.3315535214848716,0.33756990340620235,0.3228266395526182,0.34088018315950136,0.32612566776901547,0.3336724313326551,0.335707019328586,0.3336724313326551,0.33157952910112504,0.005690200625394475,0.5910978671484549,0.6390752950561956,0.5946232900818884,0.603046763180741,0.6596647035359816,0.5752372265974427,0.6281783686761498,0.613082396412514,0.5931629628330382,0.5688293313220961,0.6065998204844503,0.027139158312307492,16,0.6073429993875196,0.5974769535527589,0.6057350665332457,0.6028465847438227,0.5977679052583178,0.6079188542440713,0.6008613590550301,0.6047668192655872,0.605958675938495,0.6099655907608763,0.6040640808739723,0.004025987154513661,0.689,0.725,0.707,0.708,0.739,0.701,0.712,0.695,0.717,0.704,0.7097,0.013835100288758314,14,0.7073333333333334,0.7042222222222222,0.7078888888888889,0.7104444444444444,0.704,0.7121111111111111,0.7056666666666667,0.7088888888888889,0.7097777777777777,0.7088888888888889,0.7079222222222222,0.0025244728089173427,0.3394495412844037,0.3440366972477064,0.30275229357798167,0.3348623853211009,0.38990825688073394,0.2831050228310502,0.3287671232876712,0.3789954337899543,0.3424657534246575,0.2968036529680365,0.33411461606132964,0.03214141479647107,5,0.3304524656837824,0.3233350279613625,0.33146924250127097,0.33756990340620235,0.3228266395526182,0.340793489318413,0.32604272634791454,0.3336724313326551,0.335707019328586,0.3336724313326551,0.331554137676546,0.005684147687527416
1.8819549083709717,0.10665922839191641,0.3216158390045166,0.015467307496248466,100.0,0.5,sigmoid,"{'C': 100.0, 'gamma': 0.5, 'kernel': 'sigmoid'}",0.32244008714596956,0.3529411764705882,0.3105882352941176,0.3333333333333333,0.3926096997690531,0.29314420803782504,0.3333333333333333,0.3524416135881104,0.3464203233256351,0.3051643192488263,0.33424163295467924,0.02733306088507565,8,0.3310450038138826,0.3233350279613625,0.3310450038138826,0.33756990340620235,0.32341723874904654,0.34088018315950136,0.32722646310432574,0.3336724313326551,0.335707019328586,0.3336724313326551,0.33175707060021004,0.005495303416936095,0.5909160233698585,0.6390752950561954,0.5946526197235975,0.603046763180741,0.6599521340247307,0.5752372265974427,0.6278684978279807,0.613082396412514,0.5931512695934845,0.5688410245616498,0.6065823250348195,0.027179122455558417,17,0.6070693240689491,0.5974813630071785,0.6057375965480767,0.6028498376200339,0.597595213674571,0.6079188542440713,0.6006577990177632,0.6047673977665812,0.6059589651889918,0.6099684832658464,0.6040004834402063,0.004047885148028677,0.689,0.725,0.707,0.708,0.737,0.701,0.712,0.695,0.717,0.704,0.7094999999999999,0.013418271125595889,16,0.7076666666666667,0.7042222222222222,0.7076666666666667,0.7104444444444444,0.7043333333333334,0.7121111111111111,0.7062222222222222,0.7088888888888889,0.7097777777777777,0.7088888888888889,0.7080222222222222,0.0024230375793848355,0.3394495412844037,0.3440366972477064,0.30275229357798167,0.3348623853211009,0.38990825688073394,0.2831050228310502,0.3287671232876712,0.3789954337899543,0.3424657534246575,0.2968036529680365,0.33411461606132964,0.03214141479647107,5,0.3309608540925267,0.3233350279613625,0.3309608540925267,0.33756990340620235,0.3233350279613625,0.340793489318413,0.32706002034587994,0.3336724313326551,0.335707019328586,0.3336724313326551,0.331706705917217,0.005509552049511953
1.9991517543792725,0.1340312726640452,0.3433977603912354,0.028830918965303196,10.0,0.5,sigmoid,"{'C': 10.0, 'gamma': 0.5, 'kernel': 'sigmoid'}",0.32244008714596956,0.3537735849056604,0.3105882352941176,0.3295194508009153,0.39351851851851855,0.28773584905660377,0.3333333333333333,0.3529411764705882,0.3456221198156682,0.3023255813953489,0.3331797936736724,0.028751462034903707,9,0.3302798982188295,0.32341723874904654,0.3310450038138826,0.3377416073245168,0.3236641221374046,0.340793489318413,0.32714322055456624,0.33418107833163785,0.33562166285278416,0.3326551373346897,0.33165424586357706,0.005459015700054211,0.5914674206339896,0.6390870269128792,0.5946526197235975,0.6034984396630612,0.6599521340247307,0.5754477049094067,0.6279620437444091,0.613368880781576,0.593215582411029,0.5689228772385245,0.6067574730043204,0.02711879797960303,15,0.6077273447834094,0.5975188072266765,0.6057375965480767,0.6030724066390192,0.597595213674571,0.6079779336580846,0.6005589476604118,0.6050411010493719,0.6059839130443586,0.6098495289989532,0.6041062793282933,0.004093758105810262,0.689,0.726,0.707,0.707,0.738,0.698,0.712,0.692,0.716,0.7,0.7085,0.01443779761598009,17,0.7075555555555556,0.7043333333333334,0.7076666666666667,0.7106666666666667,0.7046666666666667,0.712,0.7061111111111111,0.7091111111111111,0.7096666666666667,0.7084444444444444,0.7080222222222222,0.00236110457515434,0.3394495412844037,0.3440366972477064,0.30275229357798167,0.3302752293577982,0.38990825688073394,0.2785388127853881,0.3287671232876712,0.3835616438356164,0.3424657534246575,0.2968036529680365,0.3336559004649994,0.03355621409898168,7,0.3299440772750381,0.3233350279613625,0.3309608540925267,0.33756990340620235,0.3233350279613625,0.340793489318413,0.32706002034587994,0.33418107833163785,0.335707019328586,0.3326551373346897,0.3315541635355699,0.00552415965598172
1.9401891231536865,0.12057737990449795,0.3208539247512817,0.013677779208087397,1.0,0.5,sigmoid,"{'C': 1.0, 'gamma': 0.5, 'kernel': 'sigmoid'}",0.32244008714596956,0.3554502369668246,0.3105882352941176,0.3302752293577982,0.3944315545243619,0.29047619047619044,0.3333333333333333,0.3524416135881104,0.3364485981308411,0.3055555555555556,0.3331440634373103,0.028018417168972395,10,0.32951362363127074,0.32256423301958786,0.3319755600814664,0.33477486644619686,0.3228105906313646,0.3391902215431627,0.3266242038216561,0.3335033146353901,0.3346085182351441,0.3326551373346897,0.3308220269379929,0.005133977832537837,0.5913207724254441,0.639415518900021,0.594957647997372,0.6037096130833666,0.6602278326567962,0.5752313799776658,0.6279737369839626,0.6133571875420225,0.5926367670531283,0.568963803576962,0.6067794260196742,0.027253946438816866,14,0.607846544625016,0.5978097589322353,0.6059819959807462,0.6032970719560072,0.5980082566672578,0.6079516118628571,0.6007352458383362,0.6054608758331499,0.6056190235423872,0.6100696486271737,0.6042780033865167,0.004006687175299943,0.689,0.728,0.707,0.708,0.739,0.702,0.712,0.695,0.716,0.7,0.7096,0.014305243793798146,15,0.7074444444444444,0.7041111111111111,0.7084444444444444,0.7094444444444444,0.7044444444444444,0.7116666666666667,0.7063333333333334,0.7095555555555556,0.7101111111111111,0.7084444444444444,0.708,0.002316340238126826,0.3394495412844037,0.3440366972477064,0.30275229357798167,0.3302752293577982,0.38990825688073394,0.2785388127853881,0.3287671232876712,0.3789954337899543,0.3287671232876712,0.3013698630136986,0.3322860374513007,0.032306511050255705,8,0.3289273004575496,0.3223182511438739,0.33146924250127097,0.33451957295373663,0.3223182511438739,0.3387589013224822,0.32604272634791454,0.3326551373346897,0.3336724313326551,0.3326551373346897,0.3303336951872736,0.005104953783109293
2.356228065490723,0.5951032193023792,0.31899609565734866,0.017761822202438323,1.0,1,sigmoid,"{'C': 1.0, 'gamma': 1, 'kernel': 'sigmoid'}",0.31965442764578833,0.3515439429928741,0.3073286052009456,0.31870669745958424,0.39351851851851855,0.28503562945368166,0.33023255813953484,0.3468950749464668,0.32718894009216587,0.3044496487119438,0.3284554043161504,0.028620730906201933,11,0.3262086513994911,0.31967421735810636,0.32790224032586557,0.32494279176201374,0.32484725050916496,0.3307888040712468,0.32409056219791404,0.32603158430973,0.32484725050916496,0.3289205702647658,0.32582539227074636,0.002868054715896771,0.5871676951594359,0.6372216617001807,0.5902942349656256,0.5966529012881578,0.6574708463361412,0.5714486169820918,0.6225422272113378,0.6092587070785025,0.5881056367261268,0.5667771677804477,0.6026939695228047,0.027459311986383184,18,0.6043008372686509,0.5951594599676115,0.6020444977562744,0.5988501010307208,0.5942993994973655,0.6049591708460953,0.5963370474061317,0.6011414981613792,0.6018291189053835,0.6057405087511292,0.6004661639590742,0.0039162068048650515,0.685,0.727,0.707,0.705,0.738,0.699,0.712,0.695,0.708,0.703,0.7079,0.014459944674859577,18,0.7057777777777777,0.703,0.7066666666666667,0.705,0.7053333333333334,0.7077777777777777,0.7047777777777777,0.706,0.7053333333333334,0.7071111111111111,0.7056777777777776,0.0012741009902410986,0.3394495412844037,0.3394495412844037,0.2981651376146789,0.3165137614678899,0.38990825688073394,0.273972602739726,0.3242009132420091,0.3698630136986301,0.3242009132420091,0.2968036529680365,0.3272527334422521,0.03284027197896068,10,0.32587697000508387,0.31926792069140825,0.3274021352313167,0.32486019318759535,0.32435180477885106,0.3306205493387589,0.3240081383519837,0.32553407934893186,0.32451678535096645,0.3285859613428281,0.3255024537627724,0.002885539615220887
2.3400635957717895,0.613334461346525,0.3214513063430786,0.013073363119899838,100.0,1,sigmoid,"{'C': 100.0, 'gamma': 1, 'kernel': 'sigmoid'}",0.31896551724137934,0.3546099290780142,0.3066037735849057,0.3172413793103448,0.39170506912442393,0.280952380952381,0.3287037037037037,0.3481953290870488,0.33027522935779813,0.30117647058823527,0.32784287820282343,0.02961055379485471,12,0.3265513733468972,0.3183320620391558,0.3274853801169591,0.32646834477498093,0.3244342740910247,0.3307046553039939,0.32409056219791404,0.3256997455470738,0.32502543234994913,0.328160773340117,0.32569526031080653,0.0030747102532969433,0.5876956287101998,0.6366643985077078,0.5902942349656256,0.5962716159459396,0.6574004551960393,0.5706944030308877,0.623606312010711,0.6095685779266717,0.5878191523570647,0.5661925058027701,0.6026207284453617,0.027620394369728983,19,0.6042789345688286,0.5950061410688561,0.6020444977562744,0.5987256965871762,0.5939483780111061,0.6042996797129246,0.597241750648138,0.6011308682056142,0.6016331516936629,0.6052973046770938,0.6003606402929675,0.003774598152583938,0.684,0.727,0.706,0.703,0.736,0.698,0.71,0.693,0.708,0.703,0.7068000000000001,0.014455448799674118,20,0.7057777777777777,0.7021111111111111,0.7061111111111111,0.7056666666666667,0.7047777777777777,0.7076666666666667,0.7047777777777777,0.7055555555555556,0.7051111111111111,0.7065555555555556,0.705411111111111,0.0013744134551433287,0.3394495412844037,0.3440366972477064,0.2981651376146789,0.3165137614678899,0.38990825688073394,0.2694063926940639,0.3242009132420091,0.3744292237442922,0.3287671232876712,0.2922374429223744,0.32771144903858235,0.03482095009979837,9,0.32638535841382815,0.3182511438739197,0.3274021352313167,0.32638535841382815,0.32435180477885106,0.3306205493387589,0.3240081383519837,0.32553407934893186,0.32502543234994913,0.32807731434384535,0.32560413144452127,0.0030701184520497745
2.2711862325668335,0.5192008310696311,0.31283793449401853,0.006694701121612567,10.0,1,sigmoid,"{'C': 10.0, 'gamma': 1, 'kernel': 'sigmoid'}",0.3153347732181425,0.3554502369668246,0.3066037735849057,0.31578947368421056,0.39170506912442393,0.28503562945368166,0.33023255813953484,0.3433476394849786,0.32643678160919537,0.3037383177570093,0.32736742530229074,0.028727508817154516,13,0.3265513733468972,0.3188405797101449,0.3274853801169591,0.32587697000508387,0.3244342740910247,0.33121343169676926,0.3241730279898219,0.3266344441617909,0.32502543234994913,0.3285859613428281,0.3258820874811269,0.003076563996983332,0.5875607123583377,0.6366761303643915,0.5902942349656256,0.596066308453976,0.6574004551960393,0.5714252305029847,0.623606312010711,0.608568805944843,0.5878249989768415,0.5664614503125018,0.6025884639086252,0.027491136464684807,20,0.6040654736032349,0.5951195580194205,0.6020444977562744,0.5987905372529866,0.5939483780111061,0.6049672698600115,0.597241750648138,0.6004621933691637,0.6016663431881941,0.6054756276084972,0.6003781629317027,0.003826697620809004,0.683,0.728,0.706,0.701,0.736,0.699,0.712,0.694,0.707,0.702,0.7068000000000001,0.01475669339655737,20,0.7057777777777777,0.7023333333333334,0.7061111111111111,0.7053333333333334,0.7047777777777777,0.7078888888888889,0.7048888888888889,0.7058888888888889,0.7051111111111111,0.7066666666666667,0.7054777777777778,0.0013699148392022976,0.3348623853211009,0.3440366972477064,0.2981651376146789,0.3165137614678899,0.38990825688073394,0.273972602739726,0.3242009132420091,0.365296803652968,0.3242009132420091,0.2968036529680365,0.3267961124376859,0.032336587487607774,12,0.32638535841382815,0.31875953228266396,0.3274021352313167,0.32587697000508387,0.32435180477885106,0.3311291963377416,0.3240081383519837,0.32655137334689727,0.32502543234994913,0.3285859613428281,0.3258075902441143,0.003084112261893145
2.259734797477722,0.5500684779132216,0.3122686862945557,0.007347366195143112,1000.0,1,sigmoid,"{'C': 1000.0, 'gamma': 1, 'kernel': 'sigmoid'}",0.31896551724137934,0.3546099290780142,0.3066037735849057,0.3172413793103448,0.39170506912442393,0.280952380952381,0.3294663573085847,0.34615384615384615,0.32643678160919537,0.30117647058823527,0.327331150495131,0.029469060109839955,14,0.3265513733468972,0.31993896236012204,0.3274853801169591,0.32646834477498093,0.3244342740910247,0.3307046553039939,0.32459933859068946,0.3267175572519085,0.32510811498346476,0.328160773340117,0.32601687741601576,0.0026830852118949725,0.5876956287101998,0.6365470799408713,0.5902942349656256,0.5962716159459396,0.6574004551960393,0.5706944030308877,0.6232321283449973,0.6085629593250662,0.5877782260186273,0.5661925058027701,0.6024669237281024,0.027556010150624533,21,0.6042789345688286,0.5948454489840219,0.6020444977562744,0.5987256965871762,0.5939483780111061,0.6042996797129246,0.5966598509607889,0.6003396234710581,0.6016447940261673,0.6052931828575114,0.6002080086935859,0.003838675129597648,0.684,0.727,0.706,0.703,0.736,0.698,0.711,0.694,0.707,0.703,0.7068999999999999,0.014383671297690304,19,0.7057777777777777,0.7028888888888889,0.7061111111111111,0.7056666666666667,0.7047777777777777,0.7076666666666667,0.705,0.706,0.7052222222222222,0.7065555555555556,0.7055666666666666,0.001189926857384916,0.3394495412844037,0.3440366972477064,0.2981651376146789,0.3165137614678899,0.38990825688073394,0.2694063926940639,0.3242009132420091,0.3698630136986301,0.3242009132420091,0.2922374429223744,0.32679820702944995,0.03423749244928664,11,0.32638535841382815,0.31977630910015253,0.3274021352313167,0.32638535841382815,0.32435180477885106,0.3306205493387589,0.32451678535096645,0.32655137334689727,0.32502543234994913,0.32807731434384535,0.3259092420668394,0.0026972193596927815
2.1077402353286745,0.08467079743218439,0.3541039228439331,0.013497029339787213,0.01,0.01,sigmoid,"{'C': 0.01, 'gamma': 0.01, 'kernel': 'sigmoid'}",0.0,0.0,0.0,0.0,0.0,0.0,0.0,0.0,0.0,0.0,0.0,0.0,15,0.0,0.0,0.0,0.0,0.0,0.0,0.0,0.0,0.0,0.0,0.0,0.0,0.8515568173819189,0.8693716417560243,0.8592646472230694,0.8826579694502451,0.8751554471010582,0.8416852296844579,0.8685387543191904,0.8371540993574565,0.8529867457129661,0.8381597179590621,0.8576531069945448,0.015179287871334986,1,0.8592687924622328,0.8580253263158915,0.8594093890006955,0.8565967353700628,0.8573651370172903,0.8608832379626237,0.857809372930955,0.8610502078120196,0.8593189712748223,0.8608847565277329,0.8590611926674325,0.0014974120981637944,0.782,0.782,0.782,0.782,0.782,0.781,0.781,0.781,0.781,0.781,0.7815,0.0005000000000000004,2,0.7814444444444445,0.7814444444444445,0.7814444444444445,0.7814444444444445,0.7814444444444445,0.7815555555555556,0.7815555555555556,0.7815555555555556,0.7815555555555556,0.7815555555555556,0.7815,5.555555555553094e-05,0.0,0.0,0.0,0.0,0.0,0.0,0.0,0.0,0.0,0.0,0.0,0.0,15,0.0,0.0,0.0,0.0,0.0,0.0,0.0,0.0,0.0,0.0,0.0,0.0
2.0361587524414064,0.059826327042235665,0.35161969661712644,0.009571327312949157,0.001,0.01,sigmoid,"{'C': 0.001, 'gamma': 0.01, 'kernel': 'sigmoid'}",0.0,0.0,0.0,0.0,0.0,0.0,0.0,0.0,0.0,0.0,0.0,0.0,15,0.0,0.0,0.0,0.0,0.0,0.0,0.0,0.0,0.0,0.0,0.0,0.0,0.851357375818297,0.8695476196062788,0.8590065463760295,0.8828750087988925,0.8751437152443745,0.8414396716538333,0.868392588824771,0.8371833324563405,0.8525657890890381,0.8378498471108928,0.8575361494978747,0.015297548519798147,2,0.8592976346313057,0.857829286309562,0.8591743867659695,0.8565177989073371,0.8573205364701276,0.8606163320665126,0.8575907718678438,0.8608916985396609,0.859161112816082,0.860752062862232,0.8589151621236635,0.0014721471148707367,0.782,0.782,0.782,0.782,0.782,0.781,0.781,0.781,0.781,0.781,0.7815,0.0005000000000000004,2,0.7814444444444445,0.7814444444444445,0.7814444444444445,0.7814444444444445,0.7814444444444445,0.7815555555555556,0.7815555555555556,0.7815555555555556,0.7815555555555556,0.7815555555555556,0.7815,5.555555555553094e-05,0.0,0.0,0.0,0.0,0.0,0.0,0.0,0.0,0.0,0.0,0.0,0.0,15,0.0,0.0,0.0,0.0,0.0,0.0,0.0,0.0,0.0,0.0,0.0,0.0
3.036628746986389,0.30037531738476525,0.4752041339874268,0.0164329909362322,0.001,0.5,sigmoid,"{'C': 0.001, 'gamma': 0.5, 'kernel': 'sigmoid'}",0.0,0.0,0.0,0.0,0.0,0.0,0.0,0.0,0.0,0.0,0.0,0.0,15,0.0,0.0,0.0,0.0,0.0,0.0,0.0,0.0,0.0,0.0,0.0,0.0,0.7546868767451136,0.7887561885544007,0.742174851592013,0.7491083788920434,0.7770067340857364,0.7077157841194114,0.751167862300411,0.715006518981051,0.7347388607276704,0.7286993024982605,0.7449061358496112,0.023992521088058587,8,0.7291788273034285,0.7285338903799512,0.737591198902465,0.7346031791009787,0.7281394249247375,0.7452131212124455,0.7322725601648266,0.742876338759769,0.7402834973046192,0.741944084407923,0.7360636122461145,0.006068297300460925,0.782,0.782,0.782,0.782,0.782,0.781,0.781,0.781,0.781,0.781,0.7815,0.0005000000000000004,2,0.7814444444444445,0.7814444444444445,0.7814444444444445,0.7814444444444445,0.7814444444444445,0.7815555555555556,0.7815555555555556,0.7815555555555556,0.7815555555555556,0.7815555555555556,0.7815,5.555555555553094e-05,0.0,0.0,0.0,0.0,0.0,0.0,0.0,0.0,0.0,0.0,0.0,0.0,15,0.0,0.0,0.0,0.0,0.0,0.0,0.0,0.0,0.0,0.0,0.0,0.0
3.0195795774459837,0.08979943546964747,0.47592616081237793,0.017753537056742534,0.001,1,sigmoid,"{'C': 0.001, 'gamma': 1, 'kernel': 'sigmoid'}",0.0,0.0,0.0,0.0,0.0,0.0,0.0,0.0,0.0,0.0,0.0,0.0,15,0.0,0.0,0.0,0.0,0.0,0.0,0.0,0.0,0.0,0.0,0.0,0.0,0.7519885497078768,0.786345292005913,0.7343614350407095,0.7418932870316057,0.7740503062014594,0.7116447126094049,0.7458474383035448,0.7088558749758828,0.736025117078561,0.7267172983939336,0.7417729311348891,0.02335675728252556,10,0.7254925956947388,0.7237579452405035,0.7279124464513325,0.725599723751295,0.7230398547453428,0.7358379341035303,0.7276311020646411,0.7375931784319789,0.7335595079386246,0.7369467035711734,0.7297370991993162,0.005376141773866275,0.782,0.782,0.782,0.782,0.782,0.781,0.781,0.781,0.781,0.781,0.7815,0.0005000000000000004,2,0.7814444444444445,0.7814444444444445,0.7814444444444445,0.7814444444444445,0.7814444444444445,0.7815555555555556,0.7815555555555556,0.7815555555555556,0.7815555555555556,0.7815555555555556,0.7815,5.555555555553094e-05,0.0,0.0,0.0,0.0,0.0,0.0,0.0,0.0,0.0,0.0,0.0,0.0,15,0.0,0.0,0.0,0.0,0.0,0.0,0.0,0.0,0.0,0.0,0.0,0.0
1.9656169414520264,0.05637978732919072,0.36234862804412843,0.024958054337957315,0.0001,0.01,sigmoid,"{'C': 0.0001, 'gamma': 0.01, 'kernel': 'sigmoid'}",0.0,0.0,0.0,0.0,0.0,0.0,0.0,0.0,0.0,0.0,0.0,0.0,15,0.0,0.0,0.0,0.0,0.0,0.0,0.0,0.0,0.0,0.0,0.0,0.0,0.8503660339285295,0.8687087918533987,0.858179450479833,0.8812853422182595,0.8722987399985921,0.8383117300732582,0.8667789217663807,0.8345465069370144,0.8507825700571215,0.8355228924397359,0.8556780979752123,0.015613494603246873,3,0.8569168906753846,0.8556715450894545,0.8575274916832991,0.8547128863269398,0.8552754893392043,0.8590731806649926,0.856377582970782,0.8590459911182743,0.8572469976521537,0.8586805231153088,0.8570528578635793,0.0014826854010776991,0.782,0.782,0.782,0.782,0.782,0.781,0.781,0.781,0.781,0.781,0.7815,0.0005000000000000004,2,0.7814444444444445,0.7814444444444445,0.7814444444444445,0.7814444444444445,0.7814444444444445,0.7815555555555556,0.7815555555555556,0.7815555555555556,0.7815555555555556,0.7815555555555556,0.7815,5.555555555553094e-05,0.0,0.0,0.0,0.0,0.0,0.0,0.0,0.0,0.0,0.0,0.0,0.0,15,0.0,0.0,0.0,0.0,0.0,0.0,0.0,0.0,0.0,0.0,0.0,0.0
3.0765581369400024,0.33673000427238137,0.4780423641204834,0.00859306834128021,0.0001,0.5,sigmoid,"{'C': 0.0001, 'gamma': 0.5, 'kernel': 'sigmoid'}",0.0,0.0,0.0,0.0,0.0,0.0,0.0,0.0,0.0,0.0,0.0,0.0,15,0.0,0.0,0.0,0.0,0.0,0.0,0.0,0.0,0.0,0.0,0.0,0.0,0.7545460944649099,0.7898941786527136,0.7386083671601869,0.7481756962856941,0.7766254487435181,0.7078385631347237,0.7513549541332678,0.7148194271481944,0.734978572138518,0.728401124889645,0.7445242426751372,0.024214944254536363,9,0.7293533983267638,0.7292692572621005,0.7365664706097936,0.7356785799764072,0.727999045244689,0.7453253504052834,0.732131044359167,0.742511232319925,0.7407476720396875,0.7418218037603144,0.736140385430413,0.005953851868930907,0.782,0.782,0.782,0.782,0.782,0.781,0.781,0.781,0.781,0.781,0.7815,0.0005000000000000004,2,0.7814444444444445,0.7814444444444445,0.7814444444444445,0.7814444444444445,0.7814444444444445,0.7815555555555556,0.7815555555555556,0.7815555555555556,0.7815555555555556,0.7815555555555556,0.7815,5.555555555553094e-05,0.0,0.0,0.0,0.0,0.0,0.0,0.0,0.0,0.0,0.0,0.0,0.0,15,0.0,0.0,0.0,0.0,0.0,0.0,0.0,0.0,0.0,0.0,0.0,0.0
3.1029863119125367,0.11042656386951828,0.4601926803588867,0.007143024803002517,0.0001,1,sigmoid,"{'C': 0.0001, 'gamma': 1, 'kernel': 'sigmoid'}",0.0,0.0,0.0,0.0,0.0,0.0,0.0,0.0,0.0,0.0,0.0,0.0,15,0.0,0.0,0.0,0.0,0.0,0.0,0.0,0.0,0.0,0.0,0.0,0.0,0.7516483258640513,0.7868204322016001,0.7346312677444333,0.7418522255332128,0.7736220934325067,0.7104929285133799,0.7461748490110442,0.7083121393366426,0.7341541987499927,0.726629599097282,0.7414338059484146,0.023655517576761608,11,0.7250147843223799,0.7238882771473664,0.7276914677273838,0.7255244738816087,0.7230746243777337,0.7348550609147084,0.727639128765933,0.7378490928092037,0.7336310974366332,0.736968469671073,0.7296136477054024,0.005352862402227763,0.782,0.782,0.782,0.782,0.782,0.781,0.781,0.781,0.781,0.781,0.7815,0.0005000000000000004,2,0.7814444444444445,0.7814444444444445,0.7814444444444445,0.7814444444444445,0.7814444444444445,0.7815555555555556,0.7815555555555556,0.7815555555555556,0.7815555555555556,0.7815555555555556,0.7815,5.555555555553094e-05,0.0,0.0,0.0,0.0,0.0,0.0,0.0,0.0,0.0,0.0,0.0,0.0,15,0.0,0.0,0.0,0.0,0.0,0.0,0.0,0.0,0.0,0.0,0.0,0.0
